activity_column,class,rank,sensor,importance,n_samples
Locomotion,_overall,1,Accelerometer_HIP_accY,0.04402258517285631,
Locomotion,_overall,2,Accelerometer_LWR_accY,0.03985639143909546,
Locomotion,_overall,3,InertialMeasurementUnit_BACK_accX,0.03518607849286713,
Locomotion,_overall,4,Accelerometer_RKN^_accY,0.0351463624222219,
Locomotion,_overall,5,Accelerometer_LUA^_accY,0.03417519569550832,
Locomotion,_overall,6,Accelerometer_RKN^_accZ,0.031978839880555686,
Locomotion,_overall,7,InertialMeasurementUnit_LUA_magneticX,0.030046233921146217,
Locomotion,_overall,8,InertialMeasurementUnit_LLA_accX,0.024104607133865315,
Locomotion,_overall,9,InertialMeasurementUnit_BACK_magneticX,0.02271759146225342,
Locomotion,_overall,10,InertialMeasurementUnit_RUA_accX,0.0220128192391985,
Locomotion,Lie,1,Accelerometer_LUA^_accY,0.09284474837841758,25395.0
Locomotion,Lie,2,Accelerometer_HIP_accY,0.08253928454305105,25395.0
Locomotion,Lie,3,InertialMeasurementUnit_LUA_accX,0.06956300816776,25395.0
Locomotion,Lie,4,InertialMeasurementUnit_BACK_accX,0.06002625278531624,25395.0
Locomotion,Lie,5,InertialMeasurementUnit_L-SHOE_EuY,0.05593516493587992,25395.0
Locomotion,Lie,6,InertialMeasurementUnit_RUA_accX,0.04095008121590267,25395.0
Locomotion,Lie,7,InertialMeasurementUnit_LUA_magneticX,0.04085878304026008,25395.0
Locomotion,Lie,8,InertialMeasurementUnit_R-SHOE_Body_Ay,0.03424274462559144,25395.0
Locomotion,Lie,9,LOCATION_TAG1_X,0.032480570579421636,25395.0
Locomotion,Lie,10,Accelerometer_RKN^_accY,0.030211243052563477,25395.0
Locomotion,Sit,1,Accelerometer_RKN^_accZ,0.09365670256036962,118068.0
Locomotion,Sit,2,InertialMeasurementUnit_LLA_accX,0.0789112154447012,118068.0
Locomotion,Sit,3,Accelerometer_LWR_accY,0.0666322317459214,118068.0
Locomotion,Sit,4,InertialMeasurementUnit_BACK_magneticZ,0.05782194457634803,118068.0
Locomotion,Sit,5,Accelerometer_RKN^_accY,0.05229985734741392,118068.0
Locomotion,Sit,6,InertialMeasurementUnit_RUA_magneticY,0.05039231015140134,118068.0
Locomotion,Sit,7,InertialMeasurementUnit_LLA_magneticX,0.04455286607775202,118068.0
Locomotion,Sit,8,Accelerometer_LUA__accY,0.03630972886133923,118068.0
Locomotion,Sit,9,InertialMeasurementUnit_RLA_accX,0.032934044529078464,118068.0
Locomotion,Sit,10,InertialMeasurementUnit_RLA_magneticX,0.03287301136361596,118068.0
Locomotion,Stand,1,Accelerometer_RKN^_accY,0.03411346124913511,222737.0
Locomotion,Stand,2,InertialMeasurementUnit_LLA_accX,0.034008645468674985,222737.0
Locomotion,Stand,3,Accelerometer_RKN^_accZ,0.03325419226116894,222737.0
Locomotion,Stand,4,Accelerometer_LWR_accY,0.028852821341871657,222737.0
Locomotion,Stand,5,InertialMeasurementUnit_BACK_accZ,0.025419379700545863,222737.0
Locomotion,Stand,6,Accelerometer_LUA__accY,0.020651768344564832,222737.0
Locomotion,Stand,7,InertialMeasurementUnit_L-SHOE_AngVelNavFrameY,0.020527710459453646,222737.0
Locomotion,Stand,8,InertialMeasurementUnit_LUA_magneticX,0.019990915403174637,222737.0
Locomotion,Stand,9,InertialMeasurementUnit_L-SHOE_AngVelBodyFrameX,0.019183514020805675,222737.0
Locomotion,Stand,10,InertialMeasurementUnit_BACK_magneticZ,0.018858174374039312,222737.0
Locomotion,Walk,1,InertialMeasurementUnit_L-SHOE_AngVelBodyFrameX,0.03710475517707223,130996.0
Locomotion,Walk,2,InertialMeasurementUnit_L-SHOE_AngVelNavFrameY,0.03166221700148983,130996.0
Locomotion,Walk,3,InertialMeasurementUnit_LUA_magneticX,0.030260171359647103,130996.0
Locomotion,Walk,4,InertialMeasurementUnit_R-SHOE_Nav_Ax,0.030038715467388694,130996.0
Locomotion,Walk,5,InertialMeasurementUnit_R-SHOE_Nav_Ay,0.02739215608925592,130996.0
Locomotion,Walk,6,InertialMeasurementUnit_BACK_accX,0.024752548949226245,130996.0
Locomotion,Walk,7,InertialMeasurementUnit_LLA_accX,0.023690061939623818,130996.0
Locomotion,Walk,8,InertialMeasurementUnit_R-SHOE_AngVelBodyFrameX,0.023488770569640067,130996.0
Locomotion,Walk,9,InertialMeasurementUnit_L-SHOE_Nav_Ay,0.02228680159227584,130996.0
Locomotion,Walk,10,InertialMeasurementUnit_R-SHOE_AngVelBodyFrameZ,0.021945815033680923,130996.0
HL_Activity,_overall,1,LOCATION_TAG1_X,0.044703877770657686,
HL_Activity,_overall,2,LOCATION_TAG4_X,0.03959774921564169,
HL_Activity,_overall,3,Accelerometer_PLATE_accX_3,0.028707248996046066,
HL_Activity,_overall,4,Accelerometer_SPOON_accX_3,0.026636660510125226,
HL_Activity,_overall,5,Accelerometer_KNIFE2_accX_2,0.02548839183144655,
HL_Activity,_overall,6,InertialMeasurementUnit_LUA_magneticX,0.025083067723029064,
HL_Activity,_overall,7,InertialMeasurementUnit_BACK_magneticX,0.022815654949761094,
HL_Activity,_overall,8,LOCATION_TAG3_X,0.018619984457673187,
HL_Activity,_overall,9,Accelerometer_GLASS_accX_2,0.018587784978366835,
HL_Activity,_overall,10,Accelerometer_RKN^_accY,0.01799690323787064,
HL_Activity,Cleanup,1,Accelerometer_KNIFE2_accX_2,0.06581361071165386,85797.0
HL_Activity,Cleanup,2,Accelerometer_KNIFE2_accX_3,0.06458275656142154,85797.0
HL_Activity,Cleanup,3,Accelerometer_GLASS_accX_2,0.04931154284900142,85797.0
HL_Activity,Cleanup,4,Accelerometer_KNIFE2_accX,0.03864549547485286,85797.0
HL_Activity,Cleanup,5,Accelerometer_DISHWASHER_accZ,0.037670528837156686,85797.0
HL_Activity,Cleanup,6,Accelerometer_PLATE_accX_3,0.03670463674568206,85797.0
HL_Activity,Cleanup,7,Accelerometer_KNIFE1_accX_2,0.03558915449079043,85797.0
HL_Activity,Cleanup,8,Accelerometer_KNIFE1_accX,0.032852995735809826,85797.0
HL_Activity,Cleanup,9,Accelerometer_DISHWASHER_accX,0.027165472482529995,85797.0
HL_Activity,Cleanup,10,Accelerometer_CUP_accX_2,0.022629703696185454,85797.0
HL_Activity,Coffee time,1,LOCATION_TAG1_X,0.045639137456313546,88113.0
HL_Activity,Coffee time,2,LOCATION_TAG4_X,0.044733018790248574,88113.0
HL_Activity,Coffee time,3,Accelerometer_KNIFE2_accX_2,0.029084429115575655,88113.0
HL_Activity,Coffee time,4,InertialMeasurementUnit_LUA_magneticX,0.023291251724381602,88113.0
HL_Activity,Coffee time,5,InertialMeasurementUnit_BACK_magneticX,0.0223189846025828,88113.0
HL_Activity,Coffee time,6,InertialMeasurementUnit_LLA_magneticY,0.021112605172818433,88113.0
HL_Activity,Coffee time,7,InertialMeasurementUnit_RLA_magneticX,0.0196392015752148,88113.0
HL_Activity,Coffee time,8,LOCATION_TAG2_Z,0.019353137922613558,88113.0
HL_Activity,Coffee time,9,LOCATION_TAG2_Y,0.01861090054647411,88113.0
HL_Activity,Coffee time,10,InertialMeasurementUnit_BACK_magneticZ,0.018096610877913998,88113.0
HL_Activity,Early morning,1,Accelerometer_SPOON_accX_3,0.06258567857210012,138449.0
HL_Activity,Early morning,2,LOCATION_TAG4_X,0.05102609009155316,138449.0
HL_Activity,Early morning,3,Accelerometer_LWR_accY,0.04838225028571047,138449.0
HL_Activity,Early morning,4,InertialMeasurementUnit_BACK_magneticX,0.03630560502781676,138449.0
HL_Activity,Early morning,5,Accelerometer_SPOON_accX_2,0.03502188469893385,138449.0
HL_Activity,Early morning,6,InertialMeasurementUnit_LUA_magneticX,0.03208903199100401,138449.0
HL_Activity,Early morning,7,InertialMeasurementUnit_LLA_magneticX,0.03191612194957213,138449.0
HL_Activity,Early morning,8,Accelerometer_SPOON_accX,0.031849876373740725,138449.0
HL_Activity,Early morning,9,InertialMeasurementUnit_LLA_accX,0.031816786431493355,138449.0
HL_Activity,Early morning,10,InertialMeasurementUnit_RUA_magneticX,0.031616210214316987,138449.0
HL_Activity,Relaxing,1,LOCATION_TAG1_X,0.08072226313511771,43941.0
HL_Activity,Relaxing,2,InertialMeasurementUnit_L-SHOE_EuY,0.05685645320469947,43941.0
HL_Activity,Relaxing,3,Accelerometer_RKN^_accY,0.05005045187680769,43941.0
HL_Activity,Relaxing,4,LOCATION_TAG4_X,0.0494490297096874,43941.0
HL_Activity,Relaxing,5,Accelerometer_HIP_accY,0.04006252366867101,43941.0
HL_Activity,Relaxing,6,Accelerometer_LAZYCHAIR_accX,0.03422754710761546,43941.0
HL_Activity,Relaxing,7,Accelerometer_LUA^_accY,0.029790848207181267,43941.0
HL_Activity,Relaxing,8,LOCATION_TAG2_X,0.029473471553810488,43941.0
HL_Activity,Relaxing,9,InertialMeasurementUnit_L-SHOE_Body_Ay,0.02281738031886289,43941.0
HL_Activity,Relaxing,10,Accelerometer_LAZYCHAIR_accY,0.020442184292697906,43941.0
HL_Activity,Sandwich time,1,Accelerometer_SPOON_accX_3,0.0763476378683395,174278.0
HL_Activity,Sandwich time,2,LOCATION_TAG4_X,0.04708945211944269,174278.0
HL_Activity,Sandwich time,3,Accelerometer_SPOON_accX,0.04527380236773639,174278.0
HL_Activity,Sandwich time,4,Accelerometer_SPOON_accX_2,0.03947670735845525,174278.0
HL_Activity,Sandwich time,5,InertialMeasurementUnit_LLA_magneticX,0.0319913662181255,174278.0
HL_Activity,Sandwich time,6,Accelerometer_RKN^_accZ,0.029223050152280917,174278.0
HL_Activity,Sandwich time,7,LOCATION_TAG1_X,0.027159503145644304,174278.0
HL_Activity,Sandwich time,8,LOCATION_TAG3_X,0.02439220509767126,174278.0
HL_Activity,Sandwich time,9,InertialMeasurementUnit_LLA_accX,0.020977994332027752,174278.0
HL_Activity,Sandwich time,10,Accelerometer_LWR_accY,0.020098159897185122,174278.0
LL_Left_Arm,_overall,1,InertialMeasurementUnit_BACK_Quaternion1,0.025368789565337963,
LL_Left_Arm,_overall,2,InertialMeasurementUnit_LLA_accX,0.02351734989826942,
LL_Left_Arm,_overall,3,LOCATION_TAG1_X,0.021661676298977164,
LL_Left_Arm,_overall,4,InertialMeasurementUnit_BACK_Quaternion3,0.017157740866342558,
LL_Left_Arm,_overall,5,InertialMeasurementUnit_LLA_magneticX,0.015978023074828925,
LL_Left_Arm,_overall,6,LOCATION_TAG4_X,0.015941879240770184,
LL_Left_Arm,_overall,7,Accelerometer_LWR_accY,0.015296563215393267,
LL_Left_Arm,_overall,8,InertialMeasurementUnit_BACK_magneticZ,0.015167889609711875,
LL_Left_Arm,_overall,9,InertialMeasurementUnit_LUA_accY,0.014554196759887733,
LL_Left_Arm,_overall,10,InertialMeasurementUnit_RLA_accX,0.014352126331659953,
LL_Left_Arm,bite,1,InertialMeasurementUnit_LLA_accX,0.099102536708728,3134.0
LL_Left_Arm,bite,2,Accelerometer_LWR_accY,0.0695186264933856,3134.0
LL_Left_Arm,bite,3,Accelerometer_LUA__accY,0.05844969271792924,3134.0
LL_Left_Arm,bite,4,InertialMeasurementUnit_LUA_magneticX,0.05802599005153035,3134.0
LL_Left_Arm,bite,5,InertialMeasurementUnit_LUA_accY,0.048041440411735706,3134.0
LL_Left_Arm,bite,6,InertialMeasurementUnit_LLA_magneticZ,0.03767587890112863,3134.0
LL_Left_Arm,bite,7,Accelerometer_RKN^_accZ,0.03396583866589363,3134.0
LL_Left_Arm,bite,8,InertialMeasurementUnit_RUA_accY,0.028069345599937075,3134.0
LL_Left_Arm,bite,9,InertialMeasurementUnit_LUA_accX,0.027048489996208777,3134.0
LL_Left_Arm,bite,10,Accelerometer_RKN^_accY,0.025339068210657022,3134.0
LL_Left_Arm,clean,1,Accelerometer_KNIFE2_accX_2,0.10655101128843235,1003.0
LL_Left_Arm,clean,2,Accelerometer_GLASS_accX_2,0.09947745667901821,1003.0
LL_Left_Arm,clean,3,Accelerometer_KNIFE1_accX_2,0.07127031002366054,1003.0
LL_Left_Arm,clean,4,Accelerometer_KNIFE1_accX,0.05918328679427286,1003.0
LL_Left_Arm,clean,5,Accelerometer_KNIFE2_accX,0.05508607010671183,1003.0
LL_Left_Arm,clean,6,LOCATION_TAG1_X,0.053288091333258826,1003.0
LL_Left_Arm,clean,7,LOCATION_TAG1_Y,0.046565615042589485,1003.0
LL_Left_Arm,clean,8,Accelerometer_GLASS_gyroX,0.04505887164722705,1003.0
LL_Left_Arm,clean,9,Accelerometer_PLATE_accX_3,0.04346989618168852,1003.0
LL_Left_Arm,clean,10,Accelerometer_GLASS_accX_3,0.03241816172865835,1003.0
LL_Left_Arm,close,1,InertialMeasurementUnit_LLA_magneticX,0.039152775037073186,10933.0
LL_Left_Arm,close,2,InertialMeasurementUnit_BACK_magneticZ,0.03266881009778978,10933.0
LL_Left_Arm,close,3,InertialMeasurementUnit_RUA_magneticY,0.030965208162252067,10933.0
LL_Left_Arm,close,4,Accelerometer_FRIDGE_accY,0.02394478921908348,10933.0
LL_Left_Arm,close,5,InertialMeasurementUnit_LUA_magneticY,0.02101064597817252,10933.0
LL_Left_Arm,close,6,InertialMeasurementUnit_BACK_gyroX,0.019787563908202643,10933.0
LL_Left_Arm,close,7,InertialMeasurementUnit_RUA_gyroX,0.018261366332894356,10933.0
LL_Left_Arm,close,8,Accelerometer_LWR_accY,0.01716338967648164,10933.0
LL_Left_Arm,close,9,InertialMeasurementUnit_BACK_Quaternion1,0.016434013147608718,10933.0
LL_Left_Arm,close,10,InertialMeasurementUnit_RLA_magneticX,0.01610602865926402,10933.0
LL_Left_Arm,cut,1,InertialMeasurementUnit_BACK_Quaternion1,0.11614631951982536,728.0
LL_Left_Arm,cut,2,InertialMeasurementUnit_BACK_Quaternion3,0.048821531565215556,728.0
LL_Left_Arm,cut,3,InertialMeasurementUnit_LUA_magneticZ,0.047648539866691285,728.0
LL_Left_Arm,cut,4,InertialMeasurementUnit_R-SHOE_EuX,0.04723495756834192,728.0
LL_Left_Arm,cut,5,Accelerometer_KNIFE2_accX_3,0.04669915478654858,728.0
LL_Left_Arm,cut,6,InertialMeasurementUnit_RUA_magneticZ,0.04224159064947163,728.0
LL_Left_Arm,cut,7,LOCATION_TAG1_Y,0.03878387339698719,728.0
LL_Left_Arm,cut,8,LOCATION_TAG1_X,0.03604869990465216,728.0
LL_Left_Arm,cut,9,InertialMeasurementUnit_BACK_magneticX,0.034883835773849486,728.0
LL_Left_Arm,cut,10,LOCATION_TAG4_X,0.024416165587482747,728.0
LL_Left_Arm,move,1,InertialMeasurementUnit_LLA_accZ,0.03322627378997898,82887.0
LL_Left_Arm,move,2,InertialMeasurementUnit_LLA_accX,0.02698760426048746,82887.0
LL_Left_Arm,move,3,InertialMeasurementUnit_LLA_magneticX,0.02501781148999148,82887.0
LL_Left_Arm,move,4,Accelerometer_LWR_accY,0.01994733692728132,82887.0
LL_Left_Arm,move,5,Accelerometer_LH_accY,0.015244360453525055,82887.0
LL_Left_Arm,move,6,InertialMeasurementUnit_LUA_magneticX,0.014073842544627459,82887.0
LL_Left_Arm,move,7,InertialMeasurementUnit_BACK_magneticZ,0.013298483821394322,82887.0
LL_Left_Arm,move,8,Accelerometer_LH_accZ,0.012491364522607042,82887.0
LL_Left_Arm,move,9,Accelerometer_LUA__accY,0.012415050005205697,82887.0
LL_Left_Arm,move,10,InertialMeasurementUnit_LLA_Quaternion1,0.012191870360190222,82887.0
LL_Left_Arm,open,1,InertialMeasurementUnit_LLA_magneticX,0.044235491575645325,10618.0
LL_Left_Arm,open,2,InertialMeasurementUnit_RUA_magneticY,0.03655000019548883,10618.0
LL_Left_Arm,open,3,InertialMeasurementUnit_BACK_magneticZ,0.034396256830388106,10618.0
LL_Left_Arm,open,4,InertialMeasurementUnit_RLA_magneticX,0.027159932763774847,10618.0
LL_Left_Arm,open,5,InertialMeasurementUnit_BACK_magneticX,0.021018692411210734,10618.0
LL_Left_Arm,open,6,InertialMeasurementUnit_LUA_magneticY,0.02035152019724468,10618.0
LL_Left_Arm,open,7,Accelerometer_FRIDGE_accY,0.019797923251379912,10618.0
LL_Left_Arm,open,8,InertialMeasurementUnit_LUA_magneticZ,0.018897183910126222,10618.0
LL_Left_Arm,open,9,InertialMeasurementUnit_LLA_magneticZ,0.018268168509961685,10618.0
LL_Left_Arm,open,10,InertialMeasurementUnit_LLA_accX,0.018185961417511307,10618.0
LL_Left_Arm,reach,1,InertialMeasurementUnit_LUA_magneticX,0.021196328115107015,16674.0
LL_Left_Arm,reach,2,InertialMeasurementUnit_LUA_gyroZ,0.019606909446140363,16674.0
LL_Left_Arm,reach,3,InertialMeasurementUnit_LUA_gyroY,0.019027497730421707,16674.0
LL_Left_Arm,reach,4,InertialMeasurementUnit_LLA_accZ,0.013862434728859938,16674.0
LL_Left_Arm,reach,5,InertialMeasurementUnit_LUA_magneticY,0.013458485859609865,16674.0
LL_Left_Arm,reach,6,InertialMeasurementUnit_BACK_gyroX,0.011613481091185747,16674.0
LL_Left_Arm,reach,7,InertialMeasurementUnit_LUA_magneticZ,0.011233977319168819,16674.0
LL_Left_Arm,reach,8,InertialMeasurementUnit_LLA_accX,0.010918216067758241,16674.0
LL_Left_Arm,reach,9,InertialMeasurementUnit_LLA_magneticX,0.010702862029038347,16674.0
LL_Left_Arm,reach,10,Accelerometer_LWR_accY,0.010538772063576176,16674.0
LL_Left_Arm,release,1,InertialMeasurementUnit_LUA_gyroY,0.030143814285371776,9947.0
LL_Left_Arm,release,2,InertialMeasurementUnit_LUA_gyroZ,0.029078299638304963,9947.0
LL_Left_Arm,release,3,InertialMeasurementUnit_LLA_accX,0.015834990255378115,9947.0
LL_Left_Arm,release,4,Accelerometer_LH_accY,0.015611334707016563,9947.0
LL_Left_Arm,release,5,InertialMeasurementUnit_LLA_gyroY,0.014654630525328192,9947.0
LL_Left_Arm,release,6,InertialMeasurementUnit_LLA_gyroX,0.013174873735940434,9947.0
LL_Left_Arm,release,7,InertialMeasurementUnit_LLA_gyroZ,0.012930429332219042,9947.0
LL_Left_Arm,release,8,Accelerometer_LWR_accY,0.012751295855975415,9947.0
LL_Left_Arm,release,9,InertialMeasurementUnit_LLA_accZ,0.012748292194731392,9947.0
LL_Left_Arm,release,10,InertialMeasurementUnit_BACK_gyroZ,0.010808989138857751,9947.0
LL_Left_Arm,sip,1,InertialMeasurementUnit_LUA_accY,0.09244715862431356,727.0
LL_Left_Arm,sip,2,InertialMeasurementUnit_LLA_accX,0.06544503009328184,727.0
LL_Left_Arm,sip,3,InertialMeasurementUnit_LUA_accX,0.052055773825913414,727.0
LL_Left_Arm,sip,4,Accelerometer_LUA^_accY,0.04365560101219446,727.0
LL_Left_Arm,sip,5,InertialMeasurementUnit_LUA_magneticX,0.0416842989779658,727.0
LL_Left_Arm,sip,6,InertialMeasurementUnit_LUA_magneticZ,0.03792453972004552,727.0
LL_Left_Arm,sip,7,Accelerometer_LWR_accY,0.03380750745946023,727.0
LL_Left_Arm,sip,8,InertialMeasurementUnit_BACK_magneticZ,0.0330788654513215,727.0
LL_Left_Arm,sip,9,Accelerometer_LH_accY,0.023614784020494387,727.0
LL_Left_Arm,sip,10,Accelerometer_SALAMI_accX_3,0.021484854879448394,727.0
LL_Left_Arm_Object,_overall,1,LOCATION_TAG1_X,0.028964654315525938,
LL_Left_Arm_Object,_overall,2,LOCATION_TAG4_X,0.02594632435638967,
LL_Left_Arm_Object,_overall,3,InertialMeasurementUnit_BACK_magneticX,0.020831715653732496,
LL_Left_Arm_Object,_overall,4,LOCATION_TAG1_Y,0.019272167622094896,
LL_Left_Arm_Object,_overall,5,InertialMeasurementUnit_LLA_magneticX,0.016838167586017177,
LL_Left_Arm_Object,_overall,6,LOCATION_TAG4_Y,0.013880143688108006,
LL_Left_Arm_Object,_overall,7,LOCATION_TAG2_Y,0.012657964304373145,
LL_Left_Arm_Object,_overall,8,Accelerometer_KNIFE2_accX,0.012310411843145741,
LL_Left_Arm_Object,_overall,9,InertialMeasurementUnit_BACK_magneticZ,0.011999497005990057,
LL_Left_Arm_Object,_overall,10,InertialMeasurementUnit_LUA_magneticX,0.011967685685577404,
LL_Left_Arm_Object,Bottle,1,Accelerometer_WATER_accX_3,0.0652585958617691,4919.0
LL_Left_Arm_Object,Bottle,2,Accelerometer_WATER_accX_2,0.061640252053411275,4919.0
LL_Left_Arm_Object,Bottle,3,Accelerometer_WATER_accX,0.05550285043197181,4919.0
LL_Left_Arm_Object,Bottle,4,InertialMeasurementUnit_RLA_magneticY,0.022512162994730918,4919.0
LL_Left_Arm_Object,Bottle,5,Accelerometer_SALAMI_accX,0.01784628162425492,4919.0
LL_Left_Arm_Object,Bottle,6,LOCATION_TAG4_X,0.01753057797034367,4919.0
LL_Left_Arm_Object,Bottle,7,InertialMeasurementUnit_BACK_Quaternion2,0.016480154951704865,4919.0
LL_Left_Arm_Object,Bottle,8,Accelerometer_CUP_accX,0.015814112552347808,4919.0
LL_Left_Arm_Object,Bottle,9,Accelerometer_BREAD_accX_3,0.015204918123500626,4919.0
LL_Left_Arm_Object,Bottle,10,InertialMeasurementUnit_RLA_accX,0.013943919822685771,4919.0
LL_Left_Arm_Object,Bread,1,LOCATION_TAG1_X,0.04960089450825787,29005.0
LL_Left_Arm_Object,Bread,2,LOCATION_TAG4_X,0.04149027992515244,29005.0
LL_Left_Arm_Object,Bread,3,InertialMeasurementUnit_LLA_magneticX,0.022576919085897002,29005.0
LL_Left_Arm_Object,Bread,4,LOCATION_TAG1_Y,0.021978506029477124,29005.0
LL_Left_Arm_Object,Bread,5,InertialMeasurementUnit_LUA_magneticX,0.01967207208745799,29005.0
LL_Left_Arm_Object,Bread,6,InertialMeasurementUnit_LUA_Quaternion3,0.01815877574707494,29005.0
LL_Left_Arm_Object,Bread,7,InertialMeasurementUnit_BACK_magneticZ,0.016760991126738234,29005.0
LL_Left_Arm_Object,Bread,8,LOCATION_TAG4_Y,0.015307961414255514,29005.0
LL_Left_Arm_Object,Bread,9,Accelerometer_KNIFE1_accX,0.015174233322879378,29005.0
LL_Left_Arm_Object,Bread,10,Accelerometer_BREAD_gyroX,0.0148568617514208,29005.0
LL_Left_Arm_Object,Chair,1,LOCATION_TAG4_X,0.06265638472939183,753.0
LL_Left_Arm_Object,Chair,2,InertialMeasurementUnit_LLA_magneticY,0.053297554768611394,753.0
LL_Left_Arm_Object,Chair,3,InertialMeasurementUnit_LLA_accX,0.04888837783834731,753.0
LL_Left_Arm_Object,Chair,4,InertialMeasurementUnit_RUA_magneticY,0.04333503260074659,753.0
LL_Left_Arm_Object,Chair,5,InertialMeasurementUnit_BACK_magneticZ,0.038157564990418204,753.0
LL_Left_Arm_Object,Chair,6,InertialMeasurementUnit_RLA_magneticY,0.034227054475611134,753.0
LL_Left_Arm_Object,Chair,7,InertialMeasurementUnit_BACK_magneticX,0.028631418412547044,753.0
LL_Left_Arm_Object,Chair,8,LOCATION_TAG1_Y,0.027926836737168993,753.0
LL_Left_Arm_Object,Chair,9,InertialMeasurementUnit_RLA_accX,0.02737851701997884,753.0
LL_Left_Arm_Object,Chair,10,InertialMeasurementUnit_LUA_magneticY,0.0261951528078365,753.0
LL_Left_Arm_Object,Cheese,1,Accelerometer_CHEESE_accX_3,0.0735852046809609,9850.0
LL_Left_Arm_Object,Cheese,2,InertialMeasurementUnit_LLA_magneticX,0.042135297476853725,9850.0
LL_Left_Arm_Object,Cheese,3,Accelerometer_CHEESE_accX,0.040488211197452086,9850.0
LL_Left_Arm_Object,Cheese,4,Accelerometer_CHEESE_accX_2,0.03301427065203805,9850.0
LL_Left_Arm_Object,Cheese,5,InertialMeasurementUnit_LUA_magneticX,0.02854298554406439,9850.0
LL_Left_Arm_Object,Cheese,6,LOCATION_TAG3_X,0.02294001212344088,9850.0
LL_Left_Arm_Object,Cheese,7,InertialMeasurementUnit_LUA_magneticY,0.021291943963074086,9850.0
LL_Left_Arm_Object,Cheese,8,Accelerometer_SALAMI_accX_3,0.01648404162974138,9850.0
LL_Left_Arm_Object,Cheese,9,Accelerometer_CHEESE_gyroY,0.013851276197903573,9850.0
LL_Left_Arm_Object,Cheese,10,Accelerometer_KNIFE1_accX_3,0.013447326894820649,9850.0
LL_Left_Arm_Object,Cup,1,InertialMeasurementUnit_LLA_magneticY,0.03599311403043334,10265.0
LL_Left_Arm_Object,Cup,2,Accelerometer_KNIFE2_accX_2,0.026567707784240415,10265.0
LL_Left_Arm_Object,Cup,3,Accelerometer_SPOON_accX,0.01774326623106244,10265.0
LL_Left_Arm_Object,Cup,4,Accelerometer_CUP_accX,0.017606609665745523,10265.0
LL_Left_Arm_Object,Cup,5,LOCATION_TAG4_X,0.016526454691709432,10265.0
LL_Left_Arm_Object,Cup,6,Accelerometer_SPOON_accX_3,0.01642652829475249,10265.0
LL_Left_Arm_Object,Cup,7,Accelerometer_KNIFE1_accX_2,0.01618687336308524,10265.0
LL_Left_Arm_Object,Cup,8,LOCATION_TAG1_X,0.016183541368146582,10265.0
LL_Left_Arm_Object,Cup,9,Accelerometer_CUP_gyroX,0.0158375281246949,10265.0
LL_Left_Arm_Object,Cup,10,Accelerometer_KNIFE2_accX,0.01471789452125808,10265.0
LL_Left_Arm_Object,Dishwasher,1,Accelerometer_DISHWASHER_accZ,0.05356906021769947,3333.0
LL_Left_Arm_Object,Dishwasher,2,Accelerometer_DISHWASHER_accX,0.048086508894340865,3333.0
LL_Left_Arm_Object,Dishwasher,3,InertialMeasurementUnit_BACK_magneticZ,0.039667540291930495,3333.0
LL_Left_Arm_Object,Dishwasher,4,InertialMeasurementUnit_LUA_magneticY,0.0377278876314447,3333.0
LL_Left_Arm_Object,Dishwasher,5,InertialMeasurementUnit_R-SHOE_Compass,0.03584694133533961,3333.0
LL_Left_Arm_Object,Dishwasher,6,Accelerometer_LWR_accY,0.03403541884093535,3333.0
LL_Left_Arm_Object,Dishwasher,7,InertialMeasurementUnit_RUA_magneticY,0.0325896497440677,3333.0
LL_Left_Arm_Object,Dishwasher,8,InertialMeasurementUnit_LLA_magneticX,0.030744865352990657,3333.0
LL_Left_Arm_Object,Dishwasher,9,LOCATION_TAG1_X,0.027562837308484585,3333.0
LL_Left_Arm_Object,Dishwasher,10,InertialMeasurementUnit_LLA_accX,0.025789721992537023,3333.0
LL_Left_Arm_Object,Door1,1,LOCATION_TAG1_X,0.0998100716043391,763.0
LL_Left_Arm_Object,Door1,2,LOCATION_TAG4_X,0.08192582592103397,763.0
LL_Left_Arm_Object,Door1,3,Accelerometer_SALAMI_accX_3,0.05727812814386112,763.0
LL_Left_Arm_Object,Door1,4,LOCATION_TAG1_Y,0.05012100329121035,763.0
LL_Left_Arm_Object,Door1,5,LOCATION_TAG3_X,0.04264547618515992,763.0
LL_Left_Arm_Object,Door1,6,InertialMeasurementUnit_LUA_magneticY,0.029247922006080642,763.0
LL_Left_Arm_Object,Door1,7,LOCATION_TAG3_Y,0.02693385415597898,763.0
LL_Left_Arm_Object,Door1,8,InertialMeasurementUnit_LLA_magneticY,0.02547563325882385,763.0
LL_Left_Arm_Object,Door1,9,LOCATION_TAG2_Y,0.02500117375843203,763.0
LL_Left_Arm_Object,Door1,10,Accelerometer_SALAMI_accX_2,0.0226758742664627,763.0
LL_Left_Arm_Object,Door2,1,LOCATION_TAG1_Y,0.0790355069662532,279.0
LL_Left_Arm_Object,Door2,2,LOCATION_TAG4_Y,0.06953267227313152,279.0
LL_Left_Arm_Object,Door2,3,LOCATION_TAG2_Y,0.06569781469521284,279.0
LL_Left_Arm_Object,Door2,4,LOCATION_TAG3_Y,0.06419641039690754,279.0
LL_Left_Arm_Object,Door2,5,InertialMeasurementUnit_BACK_magneticX,0.06209067171309642,279.0
LL_Left_Arm_Object,Door2,6,Accelerometer_SALAMI_accX,0.05477414328119572,279.0
LL_Left_Arm_Object,Door2,7,LOCATION_TAG4_X,0.04992802200270855,279.0
LL_Left_Arm_Object,Door2,8,InertialMeasurementUnit_RUA_magneticX,0.044502242904137006,279.0
LL_Left_Arm_Object,Door2,9,Accelerometer_BREAD_accX_3,0.03691789754648697,279.0
LL_Left_Arm_Object,Door2,10,InertialMeasurementUnit_BACK_Quaternion3,0.029913666549051567,279.0
LL_Left_Arm_Object,Drawer1 (top),1,LOCATION_TAG1_X,0.1060234375150774,1543.0
LL_Left_Arm_Object,Drawer1 (top),2,LOCATION_TAG4_X,0.08388399283777175,1543.0
LL_Left_Arm_Object,Drawer1 (top),3,InertialMeasurementUnit_LUA_magneticX,0.06270707430450843,1543.0
LL_Left_Arm_Object,Drawer1 (top),4,LOCATION_TAG1_Y,0.058749101777914536,1543.0
LL_Left_Arm_Object,Drawer1 (top),5,InertialMeasurementUnit_LLA_magneticX,0.05414707966891986,1543.0
LL_Left_Arm_Object,Drawer1 (top),6,LOCATION_TAG4_Y,0.02989025857461571,1543.0
LL_Left_Arm_Object,Drawer1 (top),7,InertialMeasurementUnit_LLA_magneticZ,0.02754178402588943,1543.0
LL_Left_Arm_Object,Drawer1 (top),8,InertialMeasurementUnit_RLA_magneticX,0.026167067028846226,1543.0
LL_Left_Arm_Object,Drawer1 (top),9,InertialMeasurementUnit_BACK_magneticZ,0.02333680961646627,1543.0
LL_Left_Arm_Object,Drawer1 (top),10,InertialMeasurementUnit_LUA_magneticY,0.020559902997095415,1543.0
LL_Left_Arm_Object,Drawer2 (middle),1,LOCATION_TAG1_X,0.1035930435446411,1589.0
LL_Left_Arm_Object,Drawer2 (middle),2,LOCATION_TAG4_X,0.06157333142457035,1589.0
LL_Left_Arm_Object,Drawer2 (middle),3,InertialMeasurementUnit_LLA_accX,0.05228191770045954,1589.0
LL_Left_Arm_Object,Drawer2 (middle),4,InertialMeasurementUnit_LUA_magneticX,0.05109596432612109,1589.0
LL_Left_Arm_Object,Drawer2 (middle),5,LOCATION_TAG1_Y,0.045018035094090705,1589.0
LL_Left_Arm_Object,Drawer2 (middle),6,InertialMeasurementUnit_LLA_magneticX,0.040529100664701424,1589.0
LL_Left_Arm_Object,Drawer2 (middle),7,Accelerometer_LWR_accY,0.03762200266576021,1589.0
LL_Left_Arm_Object,Drawer2 (middle),8,InertialMeasurementUnit_BACK_magneticZ,0.028496347202370046,1589.0
LL_Left_Arm_Object,Drawer2 (middle),9,InertialMeasurementUnit_RLA_magneticX,0.027237404344450905,1589.0
LL_Left_Arm_Object,Drawer2 (middle),10,InertialMeasurementUnit_LUA_magneticY,0.02485499666990884,1589.0
LL_Left_Arm_Object,Drawer3 (lower),1,InertialMeasurementUnit_RUA_accY,0.08042950689206857,2397.0
LL_Left_Arm_Object,Drawer3 (lower),2,InertialMeasurementUnit_BACK_accX,0.07487605667098493,2397.0
LL_Left_Arm_Object,Drawer3 (lower),3,LOCATION_TAG1_X,0.06709763110234246,2397.0
LL_Left_Arm_Object,Drawer3 (lower),4,InertialMeasurementUnit_LUA_magneticX,0.05442923606712137,2397.0
LL_Left_Arm_Object,Drawer3 (lower),5,InertialMeasurementUnit_LLA_accX,0.04425202377878617,2397.0
LL_Left_Arm_Object,Drawer3 (lower),6,Accelerometer_HIP_accY,0.04355092267465365,2397.0
LL_Left_Arm_Object,Drawer3 (lower),7,InertialMeasurementUnit_BACK_accZ,0.04129531891010976,2397.0
LL_Left_Arm_Object,Drawer3 (lower),8,InertialMeasurementUnit_LLA_magneticX,0.030855951471499075,2397.0
LL_Left_Arm_Object,Drawer3 (lower),9,InertialMeasurementUnit_RLA_magneticX,0.029120601966832395,2397.0
LL_Left_Arm_Object,Drawer3 (lower),10,LOCATION_TAG1_Y,0.02874634293060853,2397.0
LL_Left_Arm_Object,Fridge,1,InertialMeasurementUnit_LLA_magneticX,0.0792466474013724,16522.0
LL_Left_Arm_Object,Fridge,2,Accelerometer_FRIDGE_accY,0.060545006633038835,16522.0
LL_Left_Arm_Object,Fridge,3,InertialMeasurementUnit_BACK_magneticZ,0.055730937029773296,16522.0
LL_Left_Arm_Object,Fridge,4,InertialMeasurementUnit_RUA_magneticY,0.04975623149914219,16522.0
LL_Left_Arm_Object,Fridge,5,InertialMeasurementUnit_LUA_magneticZ,0.04226013558142734,16522.0
LL_Left_Arm_Object,Fridge,6,InertialMeasurementUnit_LLA_accX,0.03529448350161548,16522.0
LL_Left_Arm_Object,Fridge,7,InertialMeasurementUnit_LUA_magneticY,0.03517672767627525,16522.0
LL_Left_Arm_Object,Fridge,8,InertialMeasurementUnit_RLA_magneticX,0.03259761766632534,16522.0
LL_Left_Arm_Object,Fridge,9,Accelerometer_LWR_accY,0.03036900649254437,16522.0
LL_Left_Arm_Object,Fridge,10,LOCATION_TAG1_X,0.028060497523137422,16522.0
LL_Left_Arm_Object,Glass,1,Accelerometer_GLASS_accX_2,0.07947061288125344,4948.0
LL_Left_Arm_Object,Glass,2,Accelerometer_GLASS_accX,0.040480766494157605,4948.0
LL_Left_Arm_Object,Glass,3,Accelerometer_GLASS_accX_3,0.036137456280143296,4948.0
LL_Left_Arm_Object,Glass,4,Accelerometer_LH_accX,0.030455152497510376,4948.0
LL_Left_Arm_Object,Glass,5,Accelerometer_GLASS_gyroX,0.02105505163014811,4948.0
LL_Left_Arm_Object,Glass,6,InertialMeasurementUnit_LLA_accY,0.017787585949335397,4948.0
LL_Left_Arm_Object,Glass,7,Accelerometer_LH_accY,0.016343497743414235,4948.0
LL_Left_Arm_Object,Glass,8,LOCATION_TAG4_Y,0.013811438559842727,4948.0
LL_Left_Arm_Object,Glass,9,Accelerometer_RKN^_accZ,0.012649693159686302,4948.0
LL_Left_Arm_Object,Glass,10,InertialMeasurementUnit_BACK_magneticZ,0.012333149205433354,4948.0
LL_Left_Arm_Object,Knife cheese,1,Accelerometer_KNIFE2_accX,0.0402487212763838,3982.0
LL_Left_Arm_Object,Knife cheese,2,Accelerometer_KNIFE2_accX_2,0.028701494099781434,3982.0
LL_Left_Arm_Object,Knife cheese,3,Accelerometer_KNIFE2_gyroX,0.02843784905036679,3982.0
LL_Left_Arm_Object,Knife cheese,4,LOCATION_TAG1_X,0.02553295927451396,3982.0
LL_Left_Arm_Object,Knife cheese,5,InertialMeasurementUnit_RUA_magneticX,0.023250367307204138,3982.0
LL_Left_Arm_Object,Knife cheese,6,Accelerometer_KNIFE1_gyroX,0.021250252536826605,3982.0
LL_Left_Arm_Object,Knife cheese,7,InertialMeasurementUnit_LLA_Quaternion2,0.019670821255260082,3982.0
LL_Left_Arm_Object,Knife cheese,8,Accelerometer_BREAD_accX,0.016471519934912273,3982.0
LL_Left_Arm_Object,Knife cheese,9,Accelerometer_LUA__accZ,0.016006328433271984,3982.0
LL_Left_Arm_Object,Knife cheese,10,Accelerometer_KNIFE2_gyroY,0.01493680359343979,3982.0
LL_Left_Arm_Object,Knife salami,1,Accelerometer_KNIFE2_accX,0.05515022826736068,3045.0
LL_Left_Arm_Object,Knife salami,2,Accelerometer_KNIFE2_accX_3,0.04745772100112264,3045.0
LL_Left_Arm_Object,Knife salami,3,Accelerometer_KNIFE2_accX_2,0.024091055132142172,3045.0
LL_Left_Arm_Object,Knife salami,4,InertialMeasurementUnit_RUA_magneticX,0.0215265491693592,3045.0
LL_Left_Arm_Object,Knife salami,5,Accelerometer_KNIFE1_accX_3,0.019974617231100077,3045.0
LL_Left_Arm_Object,Knife salami,6,Accelerometer_KNIFE1_accX_2,0.01919123768024537,3045.0
LL_Left_Arm_Object,Knife salami,7,Accelerometer_SPOON_accX_2,0.01775766759160342,3045.0
LL_Left_Arm_Object,Knife salami,8,Accelerometer_LUA__accY,0.017314031406441072,3045.0
LL_Left_Arm_Object,Knife salami,9,Accelerometer_BREAD_accX_2,0.016524725306228172,3045.0
LL_Left_Arm_Object,Knife salami,10,InertialMeasurementUnit_LLA_accX,0.016164336331052402,3045.0
LL_Left_Arm_Object,Lazychair,1,LOCATION_TAG1_X,0.09957084301489981,666.0
LL_Left_Arm_Object,Lazychair,2,LOCATION_TAG4_X,0.08204029128726471,666.0
LL_Left_Arm_Object,Lazychair,3,LOCATION_TAG2_X,0.05587951536687,666.0
LL_Left_Arm_Object,Lazychair,4,InertialMeasurementUnit_RLA_accY,0.044930570146423314,666.0
LL_Left_Arm_Object,Lazychair,5,Accelerometer_PLATE_accX,0.0412807611384514,666.0
LL_Left_Arm_Object,Lazychair,6,Accelerometer_SPOON_accX_3,0.029180106480372794,666.0
LL_Left_Arm_Object,Lazychair,7,Accelerometer_PLATE_accX_3,0.024036167140922427,666.0
LL_Left_Arm_Object,Lazychair,8,InertialMeasurementUnit_L-SHOE_EuY,0.023552685780344067,666.0
LL_Left_Arm_Object,Lazychair,9,InertialMeasurementUnit_R-SHOE_Body_Ay,0.02294374457081705,666.0
LL_Left_Arm_Object,Lazychair,10,LOCATION_TAG2_Y,0.020431627846930235,666.0
LL_Left_Arm_Object,Milk,1,Accelerometer_MILK_accX_3,0.07061176678808223,4341.0
LL_Left_Arm_Object,Milk,2,LOCATION_TAG4_X,0.03646361413577251,4341.0
LL_Left_Arm_Object,Milk,3,Accelerometer_SPOON_accX_2,0.03205568693285191,4341.0
LL_Left_Arm_Object,Milk,4,Accelerometer_MILK_accX_2,0.031444474886660106,4341.0
LL_Left_Arm_Object,Milk,5,Accelerometer_MILK_accX,0.02717515332120895,4341.0
LL_Left_Arm_Object,Milk,6,LOCATION_TAG2_Y,0.026854844303662573,4341.0
LL_Left_Arm_Object,Milk,7,Accelerometer_SPOON_accX,0.026468595581530977,4341.0
LL_Left_Arm_Object,Milk,8,LOCATION_TAG1_X,0.025222089540569412,4341.0
LL_Left_Arm_Object,Milk,9,Accelerometer_KNIFE2_accX_2,0.024718388088254363,4341.0
LL_Left_Arm_Object,Milk,10,Accelerometer_MILK_gyroY,0.023849195636736275,4341.0
LL_Left_Arm_Object,Plate,1,InertialMeasurementUnit_LLA_accZ,0.038434217526735,7981.0
LL_Left_Arm_Object,Plate,2,Accelerometer_LH_accZ,0.030028037797826642,7981.0
LL_Left_Arm_Object,Plate,3,Accelerometer_PLATE_accX_3,0.026592783627649764,7981.0
LL_Left_Arm_Object,Plate,4,InertialMeasurementUnit_LLA_accY,0.021906358295305326,7981.0
LL_Left_Arm_Object,Plate,5,Accelerometer_LH_accX,0.020170994549137865,7981.0
LL_Left_Arm_Object,Plate,6,Accelerometer_CHEESE_accX_2,0.018233775170665517,7981.0
LL_Left_Arm_Object,Plate,7,Accelerometer_LWR_accZ,0.01784220230924106,7981.0
LL_Left_Arm_Object,Plate,8,Accelerometer_LWR_accY,0.01778808558057416,7981.0
LL_Left_Arm_Object,Plate,9,InertialMeasurementUnit_BACK_magneticZ,0.01482356663419217,7981.0
LL_Left_Arm_Object,Plate,10,InertialMeasurementUnit_LUA_accY,0.014609735408139132,7981.0
LL_Left_Arm_Object,Salami,1,Accelerometer_RKN^_accZ,0.032603154023659535,18479.0
LL_Left_Arm_Object,Salami,2,Accelerometer_LWR_accY,0.03190780089645249,18479.0
LL_Left_Arm_Object,Salami,3,Accelerometer_CHEESE_accX_3,0.0277138645355745,18479.0
LL_Left_Arm_Object,Salami,4,InertialMeasurementUnit_BACK_magneticZ,0.02501261170643018,18479.0
LL_Left_Arm_Object,Salami,5,InertialMeasurementUnit_LLA_accX,0.024340914132656204,18479.0
LL_Left_Arm_Object,Salami,6,Accelerometer_SALAMI_accX,0.022361350903701414,18479.0
LL_Left_Arm_Object,Salami,7,Accelerometer_RKN^_accY,0.021412001534692426,18479.0
LL_Left_Arm_Object,Salami,8,Accelerometer_LUA__accY,0.020591344111030283,18479.0
LL_Left_Arm_Object,Salami,9,Accelerometer_SALAMI_gyroX,0.01927533493218931,18479.0
LL_Left_Arm_Object,Salami,10,LOCATION_TAG3_X,0.018703492876131756,18479.0
LL_Left_Arm_Object,Spoon,1,InertialMeasurementUnit_RUA_Quaternion2,0.038060537834812,3179.0
LL_Left_Arm_Object,Spoon,2,InertialMeasurementUnit_BACK_Quaternion1,0.034760432984383575,3179.0
LL_Left_Arm_Object,Spoon,3,Accelerometer_LWR_accY,0.030115427998635612,3179.0
LL_Left_Arm_Object,Spoon,4,Accelerometer_PLATE_accX_2,0.029011783837907285,3179.0
LL_Left_Arm_Object,Spoon,5,InertialMeasurementUnit_LLA_magneticZ,0.02826147050775994,3179.0
LL_Left_Arm_Object,Spoon,6,Accelerometer_BREAD_accX_2,0.027852771014350245,3179.0
LL_Left_Arm_Object,Spoon,7,Accelerometer_LUA^_accZ,0.02434579612877495,3179.0
LL_Left_Arm_Object,Spoon,8,InertialMeasurementUnit_LUA_Quaternion4,0.02432291272877688,3179.0
LL_Left_Arm_Object,Spoon,9,Accelerometer_SALAMI_accX_3,0.02404631383234932,3179.0
LL_Left_Arm_Object,Spoon,10,InertialMeasurementUnit_L-SHOE_EuX,0.02300017170185526,3179.0
LL_Left_Arm_Object,Sugar,1,InertialMeasurementUnit_LLA_magneticY,0.051765645376105646,6805.0
LL_Left_Arm_Object,Sugar,2,Accelerometer_SUGAR_accX_3,0.04498711079615489,6805.0
LL_Left_Arm_Object,Sugar,3,LOCATION_TAG4_X,0.03988480196126817,6805.0
LL_Left_Arm_Object,Sugar,4,Accelerometer_SUGAR_accX_2,0.03963529670612728,6805.0
LL_Left_Arm_Object,Sugar,5,LOCATION_TAG1_X,0.038461680357259505,6805.0
LL_Left_Arm_Object,Sugar,6,Accelerometer_SUGAR_accX,0.03296335634478356,6805.0
LL_Left_Arm_Object,Sugar,7,Accelerometer_LH_accX,0.03101261692172371,6805.0
LL_Left_Arm_Object,Sugar,8,Accelerometer_KNIFE2_accX,0.022432735383442988,6805.0
LL_Left_Arm_Object,Sugar,9,LOCATION_TAG1_Z,0.020916152283183175,6805.0
LL_Left_Arm_Object,Sugar,10,LOCATION_TAG2_Y,0.020192472700622955,6805.0
LL_Left_Arm_Object,Switch,1,LOCATION_TAG1_X,0.07342555630399822,974.0
LL_Left_Arm_Object,Switch,2,InertialMeasurementUnit_LUA_magneticX,0.06747771504871723,974.0
LL_Left_Arm_Object,Switch,3,InertialMeasurementUnit_BACK_magneticX,0.05507086134696439,974.0
LL_Left_Arm_Object,Switch,4,InertialMeasurementUnit_LLA_magneticY,0.054630222755327376,974.0
LL_Left_Arm_Object,Switch,5,LOCATION_TAG4_X,0.05146596381062084,974.0
LL_Left_Arm_Object,Switch,6,InertialMeasurementUnit_BACK_magneticY,0.034805034846486435,974.0
LL_Left_Arm_Object,Switch,7,InertialMeasurementUnit_LLA_accZ,0.03394235588438259,974.0
LL_Left_Arm_Object,Switch,8,InertialMeasurementUnit_RUA_magneticZ,0.03054085517942597,974.0
LL_Left_Arm_Object,Switch,9,LOCATION_TAG1_Y,0.028984926999833842,974.0
LL_Left_Arm_Object,Switch,10,InertialMeasurementUnit_LUA_Quaternion1,0.026039131989644793,974.0
LL_Left_Arm_Object,Table,1,Accelerometer_GLASS_accX_2,0.09606590451827163,1173.0
LL_Left_Arm_Object,Table,2,Accelerometer_KNIFE2_accX_2,0.08569709851954162,1173.0
LL_Left_Arm_Object,Table,3,Accelerometer_KNIFE1_accX_2,0.06397154868907592,1173.0
LL_Left_Arm_Object,Table,4,Accelerometer_KNIFE1_accX,0.058231944609501395,1173.0
LL_Left_Arm_Object,Table,5,Accelerometer_KNIFE2_accX,0.047022136078992076,1173.0
LL_Left_Arm_Object,Table,6,Accelerometer_PLATE_accX_3,0.04341710559796228,1173.0
LL_Left_Arm_Object,Table,7,LOCATION_TAG1_Y,0.03762601868034805,1173.0
LL_Left_Arm_Object,Table,8,LOCATION_TAG1_X,0.03441970684378089,1173.0
LL_Left_Arm_Object,Table,9,Accelerometer_GLASS_gyroX,0.031870668434376644,1173.0
LL_Left_Arm_Object,Table,10,Accelerometer_CUP_accX_2,0.031574516820917886,1173.0
LL_Right_Arm,_overall,1,InertialMeasurementUnit_RLA_accX,0.021244256741386566,
LL_Right_Arm,_overall,2,InertialMeasurementUnit_RLA_magneticX,0.020811367026075354,
LL_Right_Arm,_overall,3,InertialMeasurementUnit_LUA_magneticX,0.01987990065129496,
LL_Right_Arm,_overall,4,Accelerometer_CHEESE_accX_3,0.019204070138145245,
LL_Right_Arm,_overall,5,LOCATION_TAG4_X,0.01897967530542223,
LL_Right_Arm,_overall,6,InertialMeasurementUnit_BACK_magneticZ,0.016782175292367838,
LL_Right_Arm,_overall,7,InertialMeasurementUnit_LLA_magneticX,0.016303203682793106,
LL_Right_Arm,_overall,8,LOCATION_TAG1_X,0.015749582351533165,
LL_Right_Arm,_overall,9,InertialMeasurementUnit_RUA_magneticX,0.014843845900460693,
LL_Right_Arm,_overall,10,InertialMeasurementUnit_LLA_accX,0.014334210995826864,
LL_Right_Arm,bite,1,InertialMeasurementUnit_LUA_magneticX,0.07380444496170813,3804.0
LL_Right_Arm,bite,2,InertialMeasurementUnit_LUA_accY,0.06153061160189858,3804.0
LL_Right_Arm,bite,3,InertialMeasurementUnit_RLA_accX,0.05900411750900379,3804.0
LL_Right_Arm,bite,4,InertialMeasurementUnit_LLA_accX,0.058689601786806926,3804.0
LL_Right_Arm,bite,5,InertialMeasurementUnit_RUA_magneticX,0.054619947812582906,3804.0
LL_Right_Arm,bite,6,Accelerometer_LWR_accY,0.05048911901130538,3804.0
LL_Right_Arm,bite,7,InertialMeasurementUnit_RUA_accY,0.045485142188058075,3804.0
LL_Right_Arm,bite,8,Accelerometer_RUA__accY,0.031864952413992384,3804.0
LL_Right_Arm,bite,9,InertialMeasurementUnit_RUA_magneticY,0.029065257483866146,3804.0
LL_Right_Arm,bite,10,InertialMeasurementUnit_RLA_magneticY,0.026276261891568536,3804.0
LL_Right_Arm,clean,1,Accelerometer_PLATE_accX_3,0.09187488091152868,5727.0
LL_Right_Arm,clean,2,Accelerometer_KNIFE2_accX_3,0.07402747929687137,5727.0
LL_Right_Arm,clean,3,Accelerometer_GLASS_accX_2,0.06338222261349047,5727.0
LL_Right_Arm,clean,4,Accelerometer_KNIFE2_accX_2,0.059675136747637456,5727.0
LL_Right_Arm,clean,5,LOCATION_TAG1_Y,0.039772728337551175,5727.0
LL_Right_Arm,clean,6,Accelerometer_KNIFE1_accX_3,0.03616613517269166,5727.0
LL_Right_Arm,clean,7,Accelerometer_SPOON_accX_3,0.03443181560595783,5727.0
LL_Right_Arm,clean,8,Accelerometer_CUP_accX_2,0.030046780171587528,5727.0
LL_Right_Arm,clean,9,InertialMeasurementUnit_BACK_accX,0.029407794582050218,5727.0
LL_Right_Arm,clean,10,InertialMeasurementUnit_BACK_accZ,0.024020822915336155,5727.0
LL_Right_Arm,close,1,LOCATION_TAG1_X,0.046284057871915196,14628.0
LL_Right_Arm,close,2,InertialMeasurementUnit_RLA_magneticX,0.031833053309201505,14628.0
LL_Right_Arm,close,3,InertialMeasurementUnit_LLA_magneticX,0.030898851923045936,14628.0
LL_Right_Arm,close,4,LOCATION_TAG4_X,0.02527423810694221,14628.0
LL_Right_Arm,close,5,InertialMeasurementUnit_BACK_magneticZ,0.020444494116560262,14628.0
LL_Right_Arm,close,6,InertialMeasurementUnit_LLA_accX,0.018096276117591667,14628.0
LL_Right_Arm,close,7,LOCATION_TAG3_X,0.016886981554344344,14628.0
LL_Right_Arm,close,8,InertialMeasurementUnit_RUA_magneticZ,0.016820659729410152,14628.0
LL_Right_Arm,close,9,InertialMeasurementUnit_RLA_magneticZ,0.016483263607921347,14628.0
LL_Right_Arm,close,10,Accelerometer_LWR_accY,0.015848228720199704,14628.0
LL_Right_Arm,cut,1,InertialMeasurementUnit_LUA_magneticX,0.06394873300059013,9808.0
LL_Right_Arm,cut,2,Accelerometer_KNIFE1_accX,0.053765049724029984,9808.0
LL_Right_Arm,cut,3,InertialMeasurementUnit_LLA_magneticX,0.04959187729742431,9808.0
LL_Right_Arm,cut,4,InertialMeasurementUnit_RUA_magneticY,0.031867455140624966,9808.0
LL_Right_Arm,cut,5,Accelerometer_KNIFE1_accX_3,0.027291028851311416,9808.0
LL_Right_Arm,cut,6,LOCATION_TAG1_X,0.027171414563374078,9808.0
LL_Right_Arm,cut,7,InertialMeasurementUnit_BACK_Quaternion1,0.025397157270203103,9808.0
LL_Right_Arm,cut,8,Accelerometer_LUA__accZ,0.0253706999304994,9808.0
LL_Right_Arm,cut,9,LOCATION_TAG4_X,0.024820468311900445,9808.0
LL_Right_Arm,cut,10,InertialMeasurementUnit_RLA_magneticX,0.02355638695259401,9808.0
LL_Right_Arm,lock,1,LOCATION_TAG1_Y,0.08982722756736466,1161.0
LL_Right_Arm,lock,2,InertialMeasurementUnit_RUA_magneticZ,0.0622575720278757,1161.0
LL_Right_Arm,lock,3,LOCATION_TAG4_X,0.05935989715184598,1161.0
LL_Right_Arm,lock,4,LOCATION_TAG1_X,0.04292863052419607,1161.0
LL_Right_Arm,lock,5,InertialMeasurementUnit_BACK_magneticX,0.03936384820855436,1161.0
LL_Right_Arm,lock,6,InertialMeasurementUnit_LLA_magneticZ,0.03494611107652907,1161.0
LL_Right_Arm,lock,7,InertialMeasurementUnit_RUA_Quaternion1,0.032692307324126,1161.0
LL_Right_Arm,lock,8,InertialMeasurementUnit_LUA_magneticX,0.031014015852822728,1161.0
LL_Right_Arm,lock,9,LOCATION_TAG4_Y,0.029251306980779098,1161.0
LL_Right_Arm,lock,10,InertialMeasurementUnit_RUA_accY,0.026935030016153053,1161.0
LL_Right_Arm,move,1,LOCATION_TAG1_X,0.021937894933245494,114306.0
LL_Right_Arm,move,2,InertialMeasurementUnit_RLA_magneticX,0.020792354846689624,114306.0
LL_Right_Arm,move,3,LOCATION_TAG4_X,0.016908642266475232,114306.0
LL_Right_Arm,move,4,LOCATION_TAG1_Y,0.016577457157436106,114306.0
LL_Right_Arm,move,5,InertialMeasurementUnit_RLA_accY,0.016273237436177965,114306.0
LL_Right_Arm,move,6,InertialMeasurementUnit_RLA_magneticY,0.014351239491423291,114306.0
LL_Right_Arm,move,7,InertialMeasurementUnit_LLA_accZ,0.013073011258860956,114306.0
LL_Right_Arm,move,8,Accelerometer_LWR_accY,0.01224288281571754,114306.0
LL_Right_Arm,move,9,InertialMeasurementUnit_RLA_accX,0.012148791809247909,114306.0
LL_Right_Arm,move,10,InertialMeasurementUnit_LLA_accX,0.011968254806626062,114306.0
LL_Right_Arm,open,1,LOCATION_TAG4_X,0.05599727807408871,15851.0
LL_Right_Arm,open,2,LOCATION_TAG1_X,0.05203155409795949,15851.0
LL_Right_Arm,open,3,InertialMeasurementUnit_RLA_magneticX,0.029185344025821736,15851.0
LL_Right_Arm,open,4,InertialMeasurementUnit_LLA_magneticX,0.026595417456391077,15851.0
LL_Right_Arm,open,5,LOCATION_TAG3_X,0.024851227679620877,15851.0
LL_Right_Arm,open,6,InertialMeasurementUnit_BACK_gyroX,0.024517705270557764,15851.0
LL_Right_Arm,open,7,LOCATION_TAG1_Y,0.015174768682812907,15851.0
LL_Right_Arm,open,8,Accelerometer_LWR_accY,0.014850141090626955,15851.0
LL_Right_Arm,open,9,InertialMeasurementUnit_BACK_magneticX,0.014608747767735455,15851.0
LL_Right_Arm,open,10,InertialMeasurementUnit_RUA_gyroZ,0.014524552567389475,15851.0
LL_Right_Arm,reach,1,InertialMeasurementUnit_RUA_gyroZ,0.02428743051090797,35247.0
LL_Right_Arm,reach,2,InertialMeasurementUnit_BACK_gyroX,0.020147531027109266,35247.0
LL_Right_Arm,reach,3,InertialMeasurementUnit_BACK_gyroY,0.01709289661710038,35247.0
LL_Right_Arm,reach,4,InertialMeasurementUnit_RLA_accX,0.014644509022471329,35247.0
LL_Right_Arm,reach,5,InertialMeasurementUnit_LLA_magneticX,0.0145926044906975,35247.0
LL_Right_Arm,reach,6,InertialMeasurementUnit_RUA_magneticX,0.014499275934272065,35247.0
LL_Right_Arm,reach,7,InertialMeasurementUnit_RLA_magneticY,0.01261841666828724,35247.0
LL_Right_Arm,reach,8,InertialMeasurementUnit_LUA_magneticZ,0.011567594230841778,35247.0
LL_Right_Arm,reach,9,InertialMeasurementUnit_RLA_magneticX,0.01138833341819633,35247.0
LL_Right_Arm,reach,10,InertialMeasurementUnit_RLA_magneticZ,0.0106608614476827,35247.0
LL_Right_Arm,release,1,InertialMeasurementUnit_RUA_gyroZ,0.030025337515406637,20772.0
LL_Right_Arm,release,2,InertialMeasurementUnit_RLA_accX,0.015594629693118832,20772.0
LL_Right_Arm,release,3,InertialMeasurementUnit_RLA_gyroX,0.01512320356832199,20772.0
LL_Right_Arm,release,4,InertialMeasurementUnit_BACK_gyroX,0.014833778545883199,20772.0
LL_Right_Arm,release,5,InertialMeasurementUnit_RLA_gyroZ,0.014143358942864727,20772.0
LL_Right_Arm,release,6,Accelerometer_RUA^_accY,0.013200663003777176,20772.0
LL_Right_Arm,release,7,InertialMeasurementUnit_RUA_gyroY,0.013050357512192563,20772.0
LL_Right_Arm,release,8,InertialMeasurementUnit_BACK_gyroY,0.012850869030853388,20772.0
LL_Right_Arm,release,9,InertialMeasurementUnit_RLA_gyroY,0.01203083288347152,20772.0
LL_Right_Arm,release,10,Accelerometer_RWR_accY,0.011571181127427681,20772.0
LL_Right_Arm,sip,1,InertialMeasurementUnit_RUA_accX,0.08757798808865624,12194.0
LL_Right_Arm,sip,2,InertialMeasurementUnit_RLA_accX,0.07199173899533853,12194.0
LL_Right_Arm,sip,3,Accelerometer_RUA__accY,0.06664857272895963,12194.0
LL_Right_Arm,sip,4,InertialMeasurementUnit_RUA_accY,0.06605848732609639,12194.0
LL_Right_Arm,sip,5,InertialMeasurementUnit_RUA_magneticX,0.0583804510735466,12194.0
LL_Right_Arm,sip,6,Accelerometer_RUA^_accY,0.05762644633091988,12194.0
LL_Right_Arm,sip,7,InertialMeasurementUnit_RLA_magneticY,0.036310278404862534,12194.0
LL_Right_Arm,sip,8,Accelerometer_RH_accY,0.03526456054169713,12194.0
LL_Right_Arm,sip,9,InertialMeasurementUnit_RLA_magneticX,0.03456415311223096,12194.0
LL_Right_Arm,sip,10,Accelerometer_RWR_accY,0.0343293936825463,12194.0
LL_Right_Arm,spread,1,Accelerometer_CHEESE_accX_3,0.11355281731498384,5374.0
LL_Right_Arm,spread,2,InertialMeasurementUnit_LUA_magneticX,0.06949704946149582,5374.0
LL_Right_Arm,spread,3,Accelerometer_LWR_accY,0.055505492378628875,5374.0
LL_Right_Arm,spread,4,Accelerometer_CHEESE_accX_2,0.04105246556216649,5374.0
LL_Right_Arm,spread,5,InertialMeasurementUnit_LLA_magneticZ,0.039869605115784815,5374.0
LL_Right_Arm,spread,6,Accelerometer_KNIFE2_accX,0.03538820228811781,5374.0
LL_Right_Arm,spread,7,InertialMeasurementUnit_LLA_accX,0.03287155772988387,5374.0
LL_Right_Arm,spread,8,Accelerometer_CHEESE_accX,0.03032636966731256,5374.0
LL_Right_Arm,spread,9,InertialMeasurementUnit_LUA_magneticY,0.028900091261266768,5374.0
LL_Right_Arm,spread,10,Accelerometer_LUA^_accZ,0.027719442632660428,5374.0
LL_Right_Arm,stir,1,Accelerometer_SPOON_accX_3,0.07462954738693559,4536.0
LL_Right_Arm,stir,2,InertialMeasurementUnit_BACK_magneticY,0.05351489245148576,4536.0
LL_Right_Arm,stir,3,InertialMeasurementUnit_RUA_magneticX,0.043939257731667576,4536.0
LL_Right_Arm,stir,4,LOCATION_TAG1_Z,0.0408250031584875,4536.0
LL_Right_Arm,stir,5,InertialMeasurementUnit_RUA_magneticZ,0.0389367507897701,4536.0
LL_Right_Arm,stir,6,InertialMeasurementUnit_BACK_magneticZ,0.03668021886518724,4536.0
LL_Right_Arm,stir,7,InertialMeasurementUnit_LLA_magneticX,0.03008566153964143,4536.0
LL_Right_Arm,stir,8,InertialMeasurementUnit_LLA_magneticY,0.028876604139564308,4536.0
LL_Right_Arm,stir,9,InertialMeasurementUnit_LUA_magneticZ,0.02834011855226213,4536.0
LL_Right_Arm,stir,10,InertialMeasurementUnit_RUA_magneticY,0.025805366112635526,4536.0
LL_Right_Arm,unlock,1,LOCATION_TAG1_Y,0.08852232343560627,920.0
LL_Right_Arm,unlock,2,LOCATION_TAG4_X,0.06698551777810473,920.0
LL_Right_Arm,unlock,3,LOCATION_TAG4_Y,0.06283047725873984,920.0
LL_Right_Arm,unlock,4,LOCATION_TAG1_X,0.05536786995978267,920.0
LL_Right_Arm,unlock,5,InertialMeasurementUnit_RUA_magneticZ,0.0502218070923325,920.0
LL_Right_Arm,unlock,6,InertialMeasurementUnit_LLA_accX,0.038541101079323827,920.0
LL_Right_Arm,unlock,7,InertialMeasurementUnit_RUA_Quaternion1,0.03772296165875327,920.0
LL_Right_Arm,unlock,8,InertialMeasurementUnit_BACK_magneticX,0.027705048383984306,920.0
LL_Right_Arm,unlock,9,InertialMeasurementUnit_RLA_magneticZ,0.027277585266110353,920.0
LL_Right_Arm,unlock,10,InertialMeasurementUnit_LUA_magneticX,0.025564337605012914,920.0
LL_Right_Arm_Object,_overall,1,LOCATION_TAG1_X,0.026654494477102112,
LL_Right_Arm_Object,_overall,2,LOCATION_TAG4_X,0.021962318639751732,
LL_Right_Arm_Object,_overall,3,InertialMeasurementUnit_BACK_magneticX,0.020447759608566332,
LL_Right_Arm_Object,_overall,4,LOCATION_TAG1_Y,0.01991044567802874,
LL_Right_Arm_Object,_overall,5,InertialMeasurementUnit_RLA_magneticX,0.018538186040406107,
LL_Right_Arm_Object,_overall,6,InertialMeasurementUnit_BACK_magneticZ,0.017207005091535724,
LL_Right_Arm_Object,_overall,7,InertialMeasurementUnit_LUA_magneticX,0.01468881226288588,
LL_Right_Arm_Object,_overall,8,InertialMeasurementUnit_RUA_magneticZ,0.013283610482741555,
LL_Right_Arm_Object,_overall,9,LOCATION_TAG3_X,0.013274417827838773,
LL_Right_Arm_Object,_overall,10,InertialMeasurementUnit_LLA_magneticX,0.01312776091510501,
LL_Right_Arm_Object,Bottle,1,Accelerometer_WATER_accX_2,0.06547860854092145,9451.0
LL_Right_Arm_Object,Bottle,2,Accelerometer_WATER_accX_3,0.06430993916715703,9451.0
LL_Right_Arm_Object,Bottle,3,Accelerometer_WATER_accX,0.0571541794507147,9451.0
LL_Right_Arm_Object,Bottle,4,LOCATION_TAG1_X,0.03310027770078481,9451.0
LL_Right_Arm_Object,Bottle,5,InertialMeasurementUnit_RUA_magneticX,0.024212062896775577,9451.0
LL_Right_Arm_Object,Bottle,6,LOCATION_TAG4_X,0.021525841443213494,9451.0
LL_Right_Arm_Object,Bottle,7,Accelerometer_FRIDGE_accX,0.019769786061428866,9451.0
LL_Right_Arm_Object,Bottle,8,Accelerometer_KNIFE2_accX,0.01809431404698322,9451.0
LL_Right_Arm_Object,Bottle,9,Accelerometer_WATER_gyroX,0.01768085399207491,9451.0
LL_Right_Arm_Object,Bottle,10,InertialMeasurementUnit_L-SHOE_EuX,0.017047799926543955,9451.0
LL_Right_Arm_Object,Bread,1,LOCATION_TAG1_X,0.05937939190613787,29972.0
LL_Right_Arm_Object,Bread,2,LOCATION_TAG4_X,0.050664462181081414,29972.0
LL_Right_Arm_Object,Bread,3,InertialMeasurementUnit_BACK_magneticY,0.02158066102987793,29972.0
LL_Right_Arm_Object,Bread,4,InertialMeasurementUnit_LLA_magneticX,0.02048033181842186,29972.0
LL_Right_Arm_Object,Bread,5,LOCATION_TAG3_X,0.02038671805944513,29972.0
LL_Right_Arm_Object,Bread,6,InertialMeasurementUnit_LLA_accX,0.020298850226871924,29972.0
LL_Right_Arm_Object,Bread,7,LOCATION_TAG1_Y,0.01692334870690233,29972.0
LL_Right_Arm_Object,Bread,8,InertialMeasurementUnit_RUA_magneticX,0.016643375616728535,29972.0
LL_Right_Arm_Object,Bread,9,Accelerometer_BREAD_gyroX,0.014297146770631599,29972.0
LL_Right_Arm_Object,Bread,10,InertialMeasurementUnit_RUA_magneticY,0.013389777294897518,29972.0
LL_Right_Arm_Object,Chair,1,InertialMeasurementUnit_LUA_magneticY,0.0660948422206272,1340.0
LL_Right_Arm_Object,Chair,2,LOCATION_TAG3_X,0.04856415094488131,1340.0
LL_Right_Arm_Object,Chair,3,InertialMeasurementUnit_RUA_magneticX,0.04568208264441909,1340.0
LL_Right_Arm_Object,Chair,4,InertialMeasurementUnit_RLA_accX,0.043900922630414244,1340.0
LL_Right_Arm_Object,Chair,5,InertialMeasurementUnit_BACK_magneticZ,0.041414581863194015,1340.0
LL_Right_Arm_Object,Chair,6,InertialMeasurementUnit_RUA_magneticY,0.037318743347220504,1340.0
LL_Right_Arm_Object,Chair,7,InertialMeasurementUnit_RLA_magneticY,0.035706416019867605,1340.0
LL_Right_Arm_Object,Chair,8,InertialMeasurementUnit_LLA_magneticY,0.02872618676092712,1340.0
LL_Right_Arm_Object,Chair,9,Accelerometer_RUA__accZ,0.027373671295190465,1340.0
LL_Right_Arm_Object,Chair,10,Accelerometer_RWR_accY,0.024216155128984732,1340.0
LL_Right_Arm_Object,Cheese,1,Accelerometer_CHEESE_accX_3,0.09383998954727589,12028.0
LL_Right_Arm_Object,Cheese,2,Accelerometer_CHEESE_accX,0.05131413315133828,12028.0
LL_Right_Arm_Object,Cheese,3,Accelerometer_CHEESE_accX_2,0.03477367445008809,12028.0
LL_Right_Arm_Object,Cheese,4,LOCATION_TAG1_X,0.02930358755941494,12028.0
LL_Right_Arm_Object,Cheese,5,Accelerometer_CHEESE_gyroY,0.029106110675499407,12028.0
LL_Right_Arm_Object,Cheese,6,Accelerometer_FRIDGE_accX,0.018454242914662508,12028.0
LL_Right_Arm_Object,Cheese,7,LOCATION_TAG2_X,0.01779431773847489,12028.0
LL_Right_Arm_Object,Cheese,8,Accelerometer_LWR_accY,0.01594082189765071,12028.0
LL_Right_Arm_Object,Cheese,9,LOCATION_TAG4_X,0.015655572815338945,12028.0
LL_Right_Arm_Object,Cheese,10,InertialMeasurementUnit_LUA_magneticX,0.01394392566307678,12028.0
LL_Right_Arm_Object,Cup,1,Accelerometer_CUP_accX_3,0.04533649634760969,38982.0
LL_Right_Arm_Object,Cup,2,Accelerometer_CUP_accX_2,0.03736497343735589,38982.0
LL_Right_Arm_Object,Cup,3,Accelerometer_CUP_gyroX,0.03540318288179068,38982.0
LL_Right_Arm_Object,Cup,4,Accelerometer_CUP_accX,0.03232936637578322,38982.0
LL_Right_Arm_Object,Cup,5,Accelerometer_CUP_gyroY,0.03096831238143145,38982.0
LL_Right_Arm_Object,Cup,6,LOCATION_TAG1_X,0.024369402362812792,38982.0
LL_Right_Arm_Object,Cup,7,InertialMeasurementUnit_RUA_magneticX,0.020879896455303578,38982.0
LL_Right_Arm_Object,Cup,8,LOCATION_TAG4_X,0.018188495365712334,38982.0
LL_Right_Arm_Object,Cup,9,InertialMeasurementUnit_BACK_magneticZ,0.015440717617486926,38982.0
LL_Right_Arm_Object,Cup,10,InertialMeasurementUnit_LUA_magneticZ,0.014666957234948113,38982.0
LL_Right_Arm_Object,Dishwasher,1,InertialMeasurementUnit_RUA_magneticY,0.07592532603252859,6300.0
LL_Right_Arm_Object,Dishwasher,2,InertialMeasurementUnit_RLA_magneticX,0.07386026194435358,6300.0
LL_Right_Arm_Object,Dishwasher,3,InertialMeasurementUnit_LLA_magneticX,0.058792284086941836,6300.0
LL_Right_Arm_Object,Dishwasher,4,InertialMeasurementUnit_RUA_magneticX,0.04634580750706428,6300.0
LL_Right_Arm_Object,Dishwasher,5,InertialMeasurementUnit_BACK_magneticZ,0.04496985899322828,6300.0
LL_Right_Arm_Object,Dishwasher,6,Accelerometer_DISHWASHER_accX,0.039319001054465924,6300.0
LL_Right_Arm_Object,Dishwasher,7,Accelerometer_DISHWASHER_accZ,0.033173772419083834,6300.0
LL_Right_Arm_Object,Dishwasher,8,InertialMeasurementUnit_LUA_magneticY,0.024747971063027317,6300.0
LL_Right_Arm_Object,Dishwasher,9,InertialMeasurementUnit_RLA_accX,0.023124402832336216,6300.0
LL_Right_Arm_Object,Dishwasher,10,LOCATION_TAG4_X,0.020851679827149625,6300.0
LL_Right_Arm_Object,Door1,1,LOCATION_TAG1_X,0.10060015373955951,10474.0
LL_Right_Arm_Object,Door1,2,LOCATION_TAG4_X,0.08861098611009556,10474.0
LL_Right_Arm_Object,Door1,3,InertialMeasurementUnit_BACK_magneticY,0.06933866570497033,10474.0
LL_Right_Arm_Object,Door1,4,InertialMeasurementUnit_RUA_magneticZ,0.041154670839803204,10474.0
LL_Right_Arm_Object,Door1,5,Accelerometer_LWR_accY,0.037357059476577296,10474.0
LL_Right_Arm_Object,Door1,6,InertialMeasurementUnit_LLA_accX,0.03508534297157832,10474.0
LL_Right_Arm_Object,Door1,7,InertialMeasurementUnit_RUA_magneticX,0.02692220173763975,10474.0
LL_Right_Arm_Object,Door1,8,LOCATION_TAG2_X,0.026374873028058025,10474.0
LL_Right_Arm_Object,Door1,9,InertialMeasurementUnit_LUA_magneticX,0.02634281863995708,10474.0
LL_Right_Arm_Object,Door1,10,InertialMeasurementUnit_LLA_magneticZ,0.025115430765619243,10474.0
LL_Right_Arm_Object,Door2,1,LOCATION_TAG1_Y,0.1480067729245266,10948.0
LL_Right_Arm_Object,Door2,2,InertialMeasurementUnit_BACK_magneticX,0.10615263683456586,10948.0
LL_Right_Arm_Object,Door2,3,InertialMeasurementUnit_LUA_magneticX,0.0984896736088378,10948.0
LL_Right_Arm_Object,Door2,4,LOCATION_TAG4_Y,0.06547610055995001,10948.0
LL_Right_Arm_Object,Door2,5,LOCATION_TAG2_Y,0.05658173807531324,10948.0
LL_Right_Arm_Object,Door2,6,LOCATION_TAG3_Y,0.03334571323895031,10948.0
LL_Right_Arm_Object,Door2,7,InertialMeasurementUnit_LLA_magneticX,0.032033018223332,10948.0
LL_Right_Arm_Object,Door2,8,LOCATION_TAG4_X,0.03185262560447843,10948.0
LL_Right_Arm_Object,Door2,9,LOCATION_TAG1_X,0.029354707854380848,10948.0
LL_Right_Arm_Object,Door2,10,InertialMeasurementUnit_LLA_magneticY,0.026090178001646896,10948.0
LL_Right_Arm_Object,Drawer1 (top),1,InertialMeasurementUnit_RLA_magneticX,0.06700918299176065,4330.0
LL_Right_Arm_Object,Drawer1 (top),2,InertialMeasurementUnit_RUA_magneticX,0.06591957520972097,4330.0
LL_Right_Arm_Object,Drawer1 (top),3,LOCATION_TAG1_X,0.06445586947402317,4330.0
LL_Right_Arm_Object,Drawer1 (top),4,InertialMeasurementUnit_RUA_magneticY,0.061638046308919794,4330.0
LL_Right_Arm_Object,Drawer1 (top),5,InertialMeasurementUnit_LLA_magneticX,0.053356117887001876,4330.0
LL_Right_Arm_Object,Drawer1 (top),6,InertialMeasurementUnit_BACK_magneticZ,0.04566957808944526,4330.0
LL_Right_Arm_Object,Drawer1 (top),7,InertialMeasurementUnit_LUA_magneticY,0.03601403081502857,4330.0
LL_Right_Arm_Object,Drawer1 (top),8,LOCATION_TAG4_X,0.0346081883024653,4330.0
LL_Right_Arm_Object,Drawer1 (top),9,LOCATION_TAG1_Y,0.02747860527069336,4330.0
LL_Right_Arm_Object,Drawer1 (top),10,InertialMeasurementUnit_LUA_magneticZ,0.025171567477785234,4330.0
LL_Right_Arm_Object,Drawer2 (middle),1,LOCATION_TAG1_X,0.07531659712982805,3585.0
LL_Right_Arm_Object,Drawer2 (middle),2,InertialMeasurementUnit_RLA_magneticX,0.0710756448344232,3585.0
LL_Right_Arm_Object,Drawer2 (middle),3,InertialMeasurementUnit_LLA_magneticX,0.05338620497783847,3585.0
LL_Right_Arm_Object,Drawer2 (middle),4,InertialMeasurementUnit_BACK_magneticZ,0.05264395073569857,3585.0
LL_Right_Arm_Object,Drawer2 (middle),5,LOCATION_TAG1_Y,0.05001680743261007,3585.0
LL_Right_Arm_Object,Drawer2 (middle),6,InertialMeasurementUnit_RUA_magneticY,0.04905059047998532,3585.0
LL_Right_Arm_Object,Drawer2 (middle),7,InertialMeasurementUnit_LUA_magneticY,0.04328541929554122,3585.0
LL_Right_Arm_Object,Drawer2 (middle),8,LOCATION_TAG4_X,0.03807535441941273,3585.0
LL_Right_Arm_Object,Drawer2 (middle),9,LOCATION_TAG4_Y,0.03343554757476875,3585.0
LL_Right_Arm_Object,Drawer2 (middle),10,InertialMeasurementUnit_RUA_magneticX,0.02977107257000853,3585.0
LL_Right_Arm_Object,Drawer3 (lower),1,InertialMeasurementUnit_BACK_accX,0.06516474659839591,5218.0
LL_Right_Arm_Object,Drawer3 (lower),2,InertialMeasurementUnit_LUA_magneticY,0.06453157039663139,5218.0
LL_Right_Arm_Object,Drawer3 (lower),3,InertialMeasurementUnit_BACK_magneticZ,0.05803369077952745,5218.0
LL_Right_Arm_Object,Drawer3 (lower),4,InertialMeasurementUnit_RUA_magneticY,0.052249542475696,5218.0
LL_Right_Arm_Object,Drawer3 (lower),5,InertialMeasurementUnit_RLA_magneticX,0.05161883161609859,5218.0
LL_Right_Arm_Object,Drawer3 (lower),6,InertialMeasurementUnit_LLA_magneticX,0.049533006472270706,5218.0
LL_Right_Arm_Object,Drawer3 (lower),7,InertialMeasurementUnit_RUA_accY,0.0479752742878601,5218.0
LL_Right_Arm_Object,Drawer3 (lower),8,InertialMeasurementUnit_BACK_magneticX,0.04647670086983423,5218.0
LL_Right_Arm_Object,Drawer3 (lower),9,LOCATION_TAG1_X,0.03188751726938738,5218.0
LL_Right_Arm_Object,Drawer3 (lower),10,InertialMeasurementUnit_BACK_accZ,0.029811169704534082,5218.0
LL_Right_Arm_Object,Fridge,1,InertialMeasurementUnit_BACK_magneticY,0.08220439193297616,4180.0
LL_Right_Arm_Object,Fridge,2,InertialMeasurementUnit_RUA_magneticX,0.06896827994148194,4180.0
LL_Right_Arm_Object,Fridge,3,InertialMeasurementUnit_LUA_magneticZ,0.06661740611230954,4180.0
LL_Right_Arm_Object,Fridge,4,InertialMeasurementUnit_RUA_magneticZ,0.0579169506736212,4180.0
LL_Right_Arm_Object,Fridge,5,InertialMeasurementUnit_RLA_magneticX,0.04449071360567916,4180.0
LL_Right_Arm_Object,Fridge,6,Accelerometer_FRIDGE_accY,0.03331871488294208,4180.0
LL_Right_Arm_Object,Fridge,7,InertialMeasurementUnit_BACK_magneticZ,0.030147184039100047,4180.0
LL_Right_Arm_Object,Fridge,8,InertialMeasurementUnit_RUA_magneticY,0.02861424897312624,4180.0
LL_Right_Arm_Object,Fridge,9,InertialMeasurementUnit_RUA_Quaternion4,0.024530388216001217,4180.0
LL_Right_Arm_Object,Fridge,10,InertialMeasurementUnit_LLA_magneticX,0.022920459043149984,4180.0
LL_Right_Arm_Object,Glass,1,Accelerometer_GLASS_accX_2,0.05502598232659757,22916.0
LL_Right_Arm_Object,Glass,2,Accelerometer_GLASS_accX,0.04013080353974275,22916.0
LL_Right_Arm_Object,Glass,3,Accelerometer_GLASS_accX_3,0.03828234286654138,22916.0
LL_Right_Arm_Object,Glass,4,InertialMeasurementUnit_LLA_magneticZ,0.01812808518493338,22916.0
LL_Right_Arm_Object,Glass,5,Accelerometer_GLASS_gyroY,0.017054293013252102,22916.0
LL_Right_Arm_Object,Glass,6,LOCATION_TAG1_X,0.016473074803307695,22916.0
LL_Right_Arm_Object,Glass,7,InertialMeasurementUnit_RUA_accX,0.014122399222875053,22916.0
LL_Right_Arm_Object,Glass,8,Accelerometer_GLASS_gyroX,0.01410699566277745,22916.0
LL_Right_Arm_Object,Glass,9,LOCATION_TAG4_X,0.013346088526518553,22916.0
LL_Right_Arm_Object,Glass,10,InertialMeasurementUnit_LUA_magneticY,0.01285874420612556,22916.0
LL_Right_Arm_Object,Knife cheese,1,Accelerometer_KNIFE2_gyroX,0.04324841098184736,11564.0
LL_Right_Arm_Object,Knife cheese,2,Accelerometer_KNIFE2_accX,0.04106062874521796,11564.0
LL_Right_Arm_Object,Knife cheese,3,Accelerometer_CHEESE_accX_3,0.03465541742347816,11564.0
LL_Right_Arm_Object,Knife cheese,4,InertialMeasurementUnit_LLA_magneticX,0.03304842437150553,11564.0
LL_Right_Arm_Object,Knife cheese,5,Accelerometer_KNIFE2_accX_3,0.03229023787391266,11564.0
LL_Right_Arm_Object,Knife cheese,6,Accelerometer_KNIFE2_gyroY,0.025894198995906784,11564.0
LL_Right_Arm_Object,Knife cheese,7,InertialMeasurementUnit_LUA_magneticY,0.022056782078039988,11564.0
LL_Right_Arm_Object,Knife cheese,8,Accelerometer_LH_accY,0.017614629201889345,11564.0
LL_Right_Arm_Object,Knife cheese,9,Accelerometer_KNIFE2_accX_2,0.01627676501815318,11564.0
LL_Right_Arm_Object,Knife cheese,10,LOCATION_TAG2_X,0.016055423558036335,11564.0
LL_Right_Arm_Object,Knife salami,1,Accelerometer_KNIFE1_accX,0.051647784284364735,8974.0
LL_Right_Arm_Object,Knife salami,2,Accelerometer_KNIFE1_gyroX,0.04741976911591563,8974.0
LL_Right_Arm_Object,Knife salami,3,Accelerometer_KNIFE1_accX_2,0.036740982836251525,8974.0
LL_Right_Arm_Object,Knife salami,4,Accelerometer_KNIFE1_gyroY,0.02805280997853015,8974.0
LL_Right_Arm_Object,Knife salami,5,Accelerometer_KNIFE1_accX_3,0.027480764274225165,8974.0
LL_Right_Arm_Object,Knife salami,6,InertialMeasurementUnit_RLA_magneticX,0.02034875516768765,8974.0
LL_Right_Arm_Object,Knife salami,7,Accelerometer_SALAMI_accX_3,0.017244284526638523,8974.0
LL_Right_Arm_Object,Knife salami,8,InertialMeasurementUnit_BACK_magneticY,0.015374800244809354,8974.0
LL_Right_Arm_Object,Knife salami,9,InertialMeasurementUnit_LUA_magneticX,0.014628656861007998,8974.0
LL_Right_Arm_Object,Knife salami,10,InertialMeasurementUnit_RUA_magneticY,0.014515925424363118,8974.0
LL_Right_Arm_Object,Lazychair,1,Accelerometer_KNIFE2_accX_3,0.06011764132086346,308.0
LL_Right_Arm_Object,Lazychair,2,InertialMeasurementUnit_L-SHOE_EuY,0.0499489169114084,308.0
LL_Right_Arm_Object,Lazychair,3,LOCATION_TAG1_X,0.04763275871503431,308.0
LL_Right_Arm_Object,Lazychair,4,Accelerometer_RKN^_accY,0.042998741443877775,308.0
LL_Right_Arm_Object,Lazychair,5,InertialMeasurementUnit_L-SHOE_Body_Ay,0.03819903198871028,308.0
LL_Right_Arm_Object,Lazychair,6,LOCATION_TAG4_X,0.03468622708792925,308.0
LL_Right_Arm_Object,Lazychair,7,Accelerometer_RWR_accY,0.03453127691698938,308.0
LL_Right_Arm_Object,Lazychair,8,Accelerometer_KNIFE1_accX_2,0.028203546079435652,308.0
LL_Right_Arm_Object,Lazychair,9,Accelerometer_RUA__accX,0.02371305098351613,308.0
LL_Right_Arm_Object,Lazychair,10,Accelerometer_SPOON_accX,0.023512390133965902,308.0
LL_Right_Arm_Object,Milk,1,Accelerometer_MILK_accX_3,0.10094018004193062,13919.0
LL_Right_Arm_Object,Milk,2,Accelerometer_MILK_accX,0.056413582510673056,13919.0
LL_Right_Arm_Object,Milk,3,Accelerometer_MILK_accX_2,0.0534911405592693,13919.0
LL_Right_Arm_Object,Milk,4,Accelerometer_MILK_gyroX,0.03951376031558378,13919.0
LL_Right_Arm_Object,Milk,5,Accelerometer_MILK_gyroY,0.03833654228572162,13919.0
LL_Right_Arm_Object,Milk,6,LOCATION_TAG4_X,0.024548144886234576,13919.0
LL_Right_Arm_Object,Milk,7,LOCATION_TAG1_X,0.022756848559728968,13919.0
LL_Right_Arm_Object,Milk,8,Accelerometer_GLASS_accX_2,0.01658101193820422,13919.0
LL_Right_Arm_Object,Milk,9,Accelerometer_RUA^_accY,0.016406993170294603,13919.0
LL_Right_Arm_Object,Milk,10,Accelerometer_KNIFE2_accX_2,0.016339738570856455,13919.0
LL_Right_Arm_Object,Plate,1,InertialMeasurementUnit_RLA_magneticZ,0.03030408094910147,7008.0
LL_Right_Arm_Object,Plate,2,InertialMeasurementUnit_RUA_accY,0.028463748732227793,7008.0
LL_Right_Arm_Object,Plate,3,InertialMeasurementUnit_RLA_accZ,0.02520608523684342,7008.0
LL_Right_Arm_Object,Plate,4,InertialMeasurementUnit_RUA_magneticX,0.0252042029179124,7008.0
LL_Right_Arm_Object,Plate,5,Accelerometer_PLATE_gyroY,0.02275233575508588,7008.0
LL_Right_Arm_Object,Plate,6,InertialMeasurementUnit_LLA_accZ,0.02036519188600594,7008.0
LL_Right_Arm_Object,Plate,7,Accelerometer_PLATE_accX_3,0.019645417650274884,7008.0
LL_Right_Arm_Object,Plate,8,InertialMeasurementUnit_BACK_Quaternion4,0.017218714224199343,7008.0
LL_Right_Arm_Object,Plate,9,InertialMeasurementUnit_RUA_magneticY,0.01709881664095556,7008.0
LL_Right_Arm_Object,Plate,10,Accelerometer_KNIFE2_accX_3,0.01655587463863823,7008.0
LL_Right_Arm_Object,Salami,1,InertialMeasurementUnit_LUA_magneticX,0.027593783361897998,17612.0
LL_Right_Arm_Object,Salami,2,Accelerometer_SALAMI_gyroX,0.024906250413082965,17612.0
LL_Right_Arm_Object,Salami,3,LOCATION_TAG1_X,0.022909081762340477,17612.0
LL_Right_Arm_Object,Salami,4,Accelerometer_KNIFE1_accX,0.02228066366937117,17612.0
LL_Right_Arm_Object,Salami,5,InertialMeasurementUnit_LLA_accX,0.020803823312157438,17612.0
LL_Right_Arm_Object,Salami,6,Accelerometer_RKN^_accZ,0.02069006286440525,17612.0
LL_Right_Arm_Object,Salami,7,Accelerometer_KNIFE2_accX,0.017723742933407786,17612.0
LL_Right_Arm_Object,Salami,8,LOCATION_TAG3_X,0.016446385312507913,17612.0
LL_Right_Arm_Object,Salami,9,Accelerometer_SALAMI_gyroY,0.016439940899041983,17612.0
LL_Right_Arm_Object,Salami,10,Accelerometer_LUA^_accZ,0.01569325776018721,17612.0
LL_Right_Arm_Object,Spoon,1,Accelerometer_SPOON_gyroY,0.046392799521753326,10906.0
LL_Right_Arm_Object,Spoon,2,InertialMeasurementUnit_LLA_magneticY,0.036735671458765475,10906.0
LL_Right_Arm_Object,Spoon,3,LOCATION_TAG4_X,0.033460400749102226,10906.0
LL_Right_Arm_Object,Spoon,4,Accelerometer_SPOON_gyroX,0.033306820599398906,10906.0
LL_Right_Arm_Object,Spoon,5,LOCATION_TAG1_X,0.032023392370314034,10906.0
LL_Right_Arm_Object,Spoon,6,Accelerometer_SPOON_accX_2,0.025659019228306032,10906.0
LL_Right_Arm_Object,Spoon,7,Accelerometer_SALAMI_accX_3,0.023151376312643798,10906.0
LL_Right_Arm_Object,Spoon,8,InertialMeasurementUnit_BACK_Quaternion1,0.019996676959247856,10906.0
LL_Right_Arm_Object,Spoon,9,Accelerometer_KNIFE2_accX_3,0.017541180086313928,10906.0
LL_Right_Arm_Object,Spoon,10,InertialMeasurementUnit_BACK_magneticY,0.014985401366934431,10906.0
LL_Right_Arm_Object,Sugar,1,Accelerometer_SUGAR_accX,0.05190673763926959,4885.0
LL_Right_Arm_Object,Sugar,2,LOCATION_TAG1_X,0.042865707951337324,4885.0
LL_Right_Arm_Object,Sugar,3,Accelerometer_SUGAR_accX_2,0.037607244476374875,4885.0
LL_Right_Arm_Object,Sugar,4,Accelerometer_SUGAR_accX_3,0.033685153257261874,4885.0
LL_Right_Arm_Object,Sugar,5,Accelerometer_KNIFE2_accX_2,0.02494593308282671,4885.0
LL_Right_Arm_Object,Sugar,6,InertialMeasurementUnit_BACK_Quaternion2,0.023260881344377697,4885.0
LL_Right_Arm_Object,Sugar,7,LOCATION_TAG4_X,0.022019717069749298,4885.0
LL_Right_Arm_Object,Sugar,8,InertialMeasurementUnit_LUA_magneticX,0.02200086085673699,4885.0
LL_Right_Arm_Object,Sugar,9,LOCATION_TAG2_Z,0.021233911265888455,4885.0
LL_Right_Arm_Object,Sugar,10,Accelerometer_RKN^_accZ,0.018268194639372085,4885.0
LL_Right_Arm_Object,Switch,1,InertialMeasurementUnit_LLA_magneticX,0.07089137839826773,3429.0
LL_Right_Arm_Object,Switch,2,InertialMeasurementUnit_RUA_magneticX,0.05467793458003985,3429.0
LL_Right_Arm_Object,Switch,3,InertialMeasurementUnit_RLA_magneticX,0.053271968336526185,3429.0
LL_Right_Arm_Object,Switch,4,InertialMeasurementUnit_RUA_magneticY,0.04579804160874219,3429.0
LL_Right_Arm_Object,Switch,5,InertialMeasurementUnit_BACK_magneticZ,0.04166478198539846,3429.0
LL_Right_Arm_Object,Switch,6,InertialMeasurementUnit_LLA_accX,0.041110339891125454,3429.0
LL_Right_Arm_Object,Switch,7,InertialMeasurementUnit_LUA_magneticY,0.0408858191865293,3429.0
LL_Right_Arm_Object,Switch,8,InertialMeasurementUnit_LUA_magneticZ,0.038271095128902456,3429.0
LL_Right_Arm_Object,Switch,9,InertialMeasurementUnit_BACK_magneticX,0.032850428661647155,3429.0
LL_Right_Arm_Object,Switch,10,InertialMeasurementUnit_RUA_magneticZ,0.032526253109338,3429.0
LL_Right_Arm_Object,Table,1,Accelerometer_PLATE_accX_3,0.10939875286945959,5999.0
LL_Right_Arm_Object,Table,2,Accelerometer_KNIFE2_accX_3,0.06987831819395658,5999.0
LL_Right_Arm_Object,Table,3,Accelerometer_GLASS_accX_2,0.06395687704385139,5999.0
LL_Right_Arm_Object,Table,4,Accelerometer_KNIFE2_accX_2,0.06038752148111412,5999.0
LL_Right_Arm_Object,Table,5,Accelerometer_KNIFE1_accX_3,0.03555463316372797,5999.0
LL_Right_Arm_Object,Table,6,LOCATION_TAG1_Y,0.03395963906840258,5999.0
LL_Right_Arm_Object,Table,7,Accelerometer_SPOON_accX_3,0.029035573183511795,5999.0
LL_Right_Arm_Object,Table,8,Accelerometer_CUP_accX_2,0.027876700563126054,5999.0
LL_Right_Arm_Object,Table,9,InertialMeasurementUnit_LLA_accX,0.026422598845858614,5999.0
LL_Right_Arm_Object,Table,10,InertialMeasurementUnit_BACK_accX,0.025924540877720167,5999.0
ML_Both_Arms,_overall,1,LOCATION_TAG1_X,0.037246176087262384,
ML_Both_Arms,_overall,2,LOCATION_TAG1_Y,0.026830200458686036,
ML_Both_Arms,_overall,3,LOCATION_TAG4_X,0.025916447132237987,
ML_Both_Arms,_overall,4,InertialMeasurementUnit_BACK_magneticX,0.025137654856560183,
ML_Both_Arms,_overall,5,InertialMeasurementUnit_LLA_magneticX,0.017976879816956642,
ML_Both_Arms,_overall,6,InertialMeasurementUnit_RUA_magneticY,0.01792351674404289,
ML_Both_Arms,_overall,7,InertialMeasurementUnit_BACK_magneticZ,0.017806281518236232,
ML_Both_Arms,_overall,8,InertialMeasurementUnit_RLA_magneticX,0.017316360929150138,
ML_Both_Arms,_overall,9,LOCATION_TAG4_Y,0.017056221404266592,
ML_Both_Arms,_overall,10,InertialMeasurementUnit_RUA_magneticX,0.014491360787258743,
ML_Both_Arms,Clean Table,1,Accelerometer_PLATE_accX_3,0.10440379138637683,6627.0
ML_Both_Arms,Clean Table,2,Accelerometer_KNIFE2_accX_3,0.07819271020890534,6627.0
ML_Both_Arms,Clean Table,3,Accelerometer_KNIFE2_accX_2,0.06782125365429759,6627.0
ML_Both_Arms,Clean Table,4,InertialMeasurementUnit_LLA_magneticX,0.057691765044567536,6627.0
ML_Both_Arms,Clean Table,5,Accelerometer_GLASS_accX_2,0.04789692847787215,6627.0
ML_Both_Arms,Clean Table,6,LOCATION_TAG1_Y,0.04540983679431875,6627.0
ML_Both_Arms,Clean Table,7,LOCATION_TAG1_X,0.03984989180714742,6627.0
ML_Both_Arms,Clean Table,8,Accelerometer_KNIFE1_accX_3,0.03388433572398945,6627.0
ML_Both_Arms,Clean Table,9,LOCATION_TAG4_X,0.03291249631260076,6627.0
ML_Both_Arms,Clean Table,10,Accelerometer_CUP_accX_2,0.025266117104487465,6627.0
ML_Both_Arms,Close Dishwasher,1,Accelerometer_DISHWASHER_accZ,0.07475587637851318,4431.0
ML_Both_Arms,Close Dishwasher,2,Accelerometer_DISHWASHER_accX,0.052622191858397005,4431.0
ML_Both_Arms,Close Dishwasher,3,InertialMeasurementUnit_RUA_magneticY,0.044685736408637246,4431.0
ML_Both_Arms,Close Dishwasher,4,InertialMeasurementUnit_RLA_magneticX,0.04279304029611539,4431.0
ML_Both_Arms,Close Dishwasher,5,Accelerometer_CUP_accX_2,0.028863921777703142,4431.0
ML_Both_Arms,Close Dishwasher,6,Accelerometer_GLASS_accX_2,0.024983127334637686,4431.0
ML_Both_Arms,Close Dishwasher,7,InertialMeasurementUnit_RUA_magneticX,0.023712383260859643,4431.0
ML_Both_Arms,Close Dishwasher,8,InertialMeasurementUnit_BACK_gyroY,0.02220861936167294,4431.0
ML_Both_Arms,Close Dishwasher,9,LOCATION_TAG1_X,0.02180895214514116,4431.0
ML_Both_Arms,Close Dishwasher,10,LOCATION_TAG2_Y,0.02124421140408565,4431.0
ML_Both_Arms,Close Door 1,1,InertialMeasurementUnit_BACK_magneticY,0.08416192157088064,4958.0
ML_Both_Arms,Close Door 1,2,InertialMeasurementUnit_RUA_magneticZ,0.05887524168746512,4958.0
ML_Both_Arms,Close Door 1,3,InertialMeasurementUnit_RUA_magneticX,0.049848791654672577,4958.0
ML_Both_Arms,Close Door 1,4,LOCATION_TAG4_X,0.04598837178409379,4958.0
ML_Both_Arms,Close Door 1,5,InertialMeasurementUnit_LLA_magneticZ,0.040312747318686636,4958.0
ML_Both_Arms,Close Door 1,6,InertialMeasurementUnit_RLA_magneticZ,0.03729139632246583,4958.0
ML_Both_Arms,Close Door 1,7,LOCATION_TAG1_X,0.037229198294256284,4958.0
ML_Both_Arms,Close Door 1,8,LOCATION_TAG1_Y,0.031938692904780665,4958.0
ML_Both_Arms,Close Door 1,9,LOCATION_TAG4_Y,0.029093880593176847,4958.0
ML_Both_Arms,Close Door 1,10,InertialMeasurementUnit_LLA_magneticX,0.028999435545988873,4958.0
ML_Both_Arms,Close Door 2,1,LOCATION_TAG1_Y,0.1254390211850062,5235.0
ML_Both_Arms,Close Door 2,2,InertialMeasurementUnit_LUA_magneticX,0.06874068990433684,5235.0
ML_Both_Arms,Close Door 2,3,InertialMeasurementUnit_BACK_magneticX,0.06756404976734896,5235.0
ML_Both_Arms,Close Door 2,4,LOCATION_TAG4_Y,0.05636850762247108,5235.0
ML_Both_Arms,Close Door 2,5,LOCATION_TAG2_Y,0.05593805441982427,5235.0
ML_Both_Arms,Close Door 2,6,InertialMeasurementUnit_LLA_magneticY,0.042654062662655014,5235.0
ML_Both_Arms,Close Door 2,7,InertialMeasurementUnit_RUA_magneticY,0.032264986718821685,5235.0
ML_Both_Arms,Close Door 2,8,LOCATION_TAG4_X,0.025694774272927462,5235.0
ML_Both_Arms,Close Door 2,9,InertialMeasurementUnit_RLA_magneticX,0.024967790370817564,5235.0
ML_Both_Arms,Close Door 2,10,InertialMeasurementUnit_BACK_magneticZ,0.024389010224590772,5235.0
ML_Both_Arms,Close Drawer 1,1,LOCATION_TAG1_X,0.06348687810436877,2724.0
ML_Both_Arms,Close Drawer 1,2,LOCATION_TAG4_X,0.049959816653228496,2724.0
ML_Both_Arms,Close Drawer 1,3,LOCATION_TAG1_Y,0.04370136049701901,2724.0
ML_Both_Arms,Close Drawer 1,4,LOCATION_TAG4_Y,0.04154649083274413,2724.0
ML_Both_Arms,Close Drawer 1,5,InertialMeasurementUnit_RUA_magneticY,0.03805961296653493,2724.0
ML_Both_Arms,Close Drawer 1,6,InertialMeasurementUnit_RLA_magneticX,0.036862259584124965,2724.0
ML_Both_Arms,Close Drawer 1,7,InertialMeasurementUnit_RUA_magneticX,0.03286770273249653,2724.0
ML_Both_Arms,Close Drawer 1,8,InertialMeasurementUnit_BACK_accX,0.022592914048129634,2724.0
ML_Both_Arms,Close Drawer 1,9,InertialMeasurementUnit_BACK_magneticX,0.02207581203619975,2724.0
ML_Both_Arms,Close Drawer 1,10,InertialMeasurementUnit_LUA_magneticX,0.02122911640256878,2724.0
ML_Both_Arms,Close Drawer 2,1,LOCATION_TAG1_X,0.07930987358982752,2343.0
ML_Both_Arms,Close Drawer 2,2,LOCATION_TAG1_Y,0.06874810734488113,2343.0
ML_Both_Arms,Close Drawer 2,3,LOCATION_TAG4_X,0.06463461950365519,2343.0
ML_Both_Arms,Close Drawer 2,4,InertialMeasurementUnit_RUA_magneticY,0.047767200070561885,2343.0
ML_Both_Arms,Close Drawer 2,5,InertialMeasurementUnit_RLA_magneticX,0.04092627851903668,2343.0
ML_Both_Arms,Close Drawer 2,6,LOCATION_TAG4_Y,0.039161321436101904,2343.0
ML_Both_Arms,Close Drawer 2,7,InertialMeasurementUnit_BACK_magneticZ,0.030404327650666058,2343.0
ML_Both_Arms,Close Drawer 2,8,InertialMeasurementUnit_RUA_accY,0.028486771363698943,2343.0
ML_Both_Arms,Close Drawer 2,9,LOCATION_TAG3_Y,0.021592079377125917,2343.0
ML_Both_Arms,Close Drawer 2,10,InertialMeasurementUnit_LUA_magneticY,0.02056956988711691,2343.0
ML_Both_Arms,Close Drawer 3,1,InertialMeasurementUnit_BACK_accX,0.08095648240914238,3722.0
ML_Both_Arms,Close Drawer 3,2,InertialMeasurementUnit_BACK_accZ,0.05988441012377,3722.0
ML_Both_Arms,Close Drawer 3,3,InertialMeasurementUnit_RUA_accY,0.05511325507775678,3722.0
ML_Both_Arms,Close Drawer 3,4,InertialMeasurementUnit_BACK_magneticX,0.05443015116191913,3722.0
ML_Both_Arms,Close Drawer 3,5,InertialMeasurementUnit_RUA_magneticY,0.0467018114578406,3722.0
ML_Both_Arms,Close Drawer 3,6,LOCATION_TAG1_X,0.0448200469144898,3722.0
ML_Both_Arms,Close Drawer 3,7,InertialMeasurementUnit_RLA_magneticX,0.03240565277013589,3722.0
ML_Both_Arms,Close Drawer 3,8,InertialMeasurementUnit_LUA_accY,0.027317308121722637,3722.0
ML_Both_Arms,Close Drawer 3,9,InertialMeasurementUnit_BACK_magneticZ,0.027147264066768387,3722.0
ML_Both_Arms,Close Drawer 3,10,InertialMeasurementUnit_LUA_magneticY,0.0255110883402796,3722.0
ML_Both_Arms,Close Fridge,1,Accelerometer_FRIDGE_accY,0.06900374825338695,10344.0
ML_Both_Arms,Close Fridge,2,LOCATION_TAG1_X,0.04977905776157178,10344.0
ML_Both_Arms,Close Fridge,3,InertialMeasurementUnit_LLA_magneticX,0.047977784768383464,10344.0
ML_Both_Arms,Close Fridge,4,Accelerometer_FRIDGE_accX,0.034102756914545215,10344.0
ML_Both_Arms,Close Fridge,5,InertialMeasurementUnit_RLA_magneticX,0.032830380634232256,10344.0
ML_Both_Arms,Close Fridge,6,LOCATION_TAG4_X,0.030464142673682176,10344.0
ML_Both_Arms,Close Fridge,7,InertialMeasurementUnit_LUA_magneticZ,0.029637436442457143,10344.0
ML_Both_Arms,Close Fridge,8,InertialMeasurementUnit_RUA_magneticX,0.02618426097141705,10344.0
ML_Both_Arms,Close Fridge,9,InertialMeasurementUnit_RUA_magneticY,0.023077047377697023,10344.0
ML_Both_Arms,Close Fridge,10,LOCATION_TAG1_Y,0.022213308807529378,10344.0
ML_Both_Arms,Drink from Cup,1,InertialMeasurementUnit_LLA_magneticX,0.08530080932318108,24462.0
ML_Both_Arms,Drink from Cup,2,InertialMeasurementUnit_BACK_magneticZ,0.06722548639008319,24462.0
ML_Both_Arms,Drink from Cup,3,InertialMeasurementUnit_RUA_magneticX,0.05618333659066816,24462.0
ML_Both_Arms,Drink from Cup,4,InertialMeasurementUnit_LUA_magneticY,0.04372684730430815,24462.0
ML_Both_Arms,Drink from Cup,5,InertialMeasurementUnit_RUA_magneticY,0.03784122887875264,24462.0
ML_Both_Arms,Drink from Cup,6,LOCATION_TAG1_X,0.02978400694530387,24462.0
ML_Both_Arms,Drink from Cup,7,InertialMeasurementUnit_RLA_magneticX,0.028953000896105384,24462.0
ML_Both_Arms,Drink from Cup,8,LOCATION_TAG4_X,0.02790479477598783,24462.0
ML_Both_Arms,Drink from Cup,9,InertialMeasurementUnit_LUA_magneticZ,0.027832094715042353,24462.0
ML_Both_Arms,Drink from Cup,10,InertialMeasurementUnit_LLA_accX,0.025177757435745816,24462.0
ML_Both_Arms,Open Dishwasher,1,Accelerometer_DISHWASHER_accX,0.06202019674558775,4649.0
ML_Both_Arms,Open Dishwasher,2,Accelerometer_DISHWASHER_accZ,0.05942527658799799,4649.0
ML_Both_Arms,Open Dishwasher,3,InertialMeasurementUnit_RUA_magneticY,0.048373425217126356,4649.0
ML_Both_Arms,Open Dishwasher,4,InertialMeasurementUnit_RLA_magneticX,0.04037373659293055,4649.0
ML_Both_Arms,Open Dishwasher,5,LOCATION_TAG1_X,0.03919037375313478,4649.0
ML_Both_Arms,Open Dishwasher,6,LOCATION_TAG1_Y,0.0364773176595254,4649.0
ML_Both_Arms,Open Dishwasher,7,LOCATION_TAG4_X,0.030041076537343357,4649.0
ML_Both_Arms,Open Dishwasher,8,InertialMeasurementUnit_BACK_magneticZ,0.029887307810839744,4649.0
ML_Both_Arms,Open Dishwasher,9,InertialMeasurementUnit_LLA_magneticX,0.023705993953792547,4649.0
ML_Both_Arms,Open Dishwasher,10,InertialMeasurementUnit_RLA_magneticZ,0.019708268682269933,4649.0
ML_Both_Arms,Open Door 1,1,LOCATION_TAG1_X,0.13668177959533934,6356.0
ML_Both_Arms,Open Door 1,2,LOCATION_TAG4_X,0.10341391933677244,6356.0
ML_Both_Arms,Open Door 1,3,InertialMeasurementUnit_LLA_magneticX,0.040561651039755196,6356.0
ML_Both_Arms,Open Door 1,4,LOCATION_TAG1_Y,0.03734562699430112,6356.0
ML_Both_Arms,Open Door 1,5,InertialMeasurementUnit_BACK_magneticY,0.031635570492977196,6356.0
ML_Both_Arms,Open Door 1,6,InertialMeasurementUnit_RLA_magneticX,0.029682566765216464,6356.0
ML_Both_Arms,Open Door 1,7,InertialMeasurementUnit_RUA_magneticY,0.026371771385046462,6356.0
ML_Both_Arms,Open Door 1,8,InertialMeasurementUnit_RUA_magneticX,0.0248681373116056,6356.0
ML_Both_Arms,Open Door 1,9,LOCATION_TAG4_Y,0.024152293074180195,6356.0
ML_Both_Arms,Open Door 1,10,LOCATION_TAG2_X,0.023785153567103506,6356.0
ML_Both_Arms,Open Door 2,1,LOCATION_TAG1_Y,0.11857547937244313,6356.0
ML_Both_Arms,Open Door 2,2,InertialMeasurementUnit_BACK_magneticX,0.11253822265499812,6356.0
ML_Both_Arms,Open Door 2,3,LOCATION_TAG4_Y,0.08183193139357715,6356.0
ML_Both_Arms,Open Door 2,4,InertialMeasurementUnit_LUA_magneticX,0.08161097274099817,6356.0
ML_Both_Arms,Open Door 2,5,LOCATION_TAG2_Y,0.05658186077009612,6356.0
ML_Both_Arms,Open Door 2,6,LOCATION_TAG3_Y,0.03917760134371977,6356.0
ML_Both_Arms,Open Door 2,7,LOCATION_TAG1_X,0.03296726740958497,6356.0
ML_Both_Arms,Open Door 2,8,InertialMeasurementUnit_LLA_magneticY,0.027047780371288598,6356.0
ML_Both_Arms,Open Door 2,9,InertialMeasurementUnit_RUA_magneticX,0.026423975118325314,6356.0
ML_Both_Arms,Open Door 2,10,InertialMeasurementUnit_RUA_magneticY,0.023517566964026414,6356.0
ML_Both_Arms,Open Drawer 1,1,LOCATION_TAG1_X,0.06889607953049869,2958.0
ML_Both_Arms,Open Drawer 1,2,InertialMeasurementUnit_RLA_magneticX,0.05228964341981485,2958.0
ML_Both_Arms,Open Drawer 1,3,LOCATION_TAG4_X,0.04975079244866843,2958.0
ML_Both_Arms,Open Drawer 1,4,InertialMeasurementUnit_RUA_magneticY,0.04031692953031503,2958.0
ML_Both_Arms,Open Drawer 1,5,InertialMeasurementUnit_BACK_magneticZ,0.03473782140122962,2958.0
ML_Both_Arms,Open Drawer 1,6,InertialMeasurementUnit_LLA_magneticX,0.0317518909638834,2958.0
ML_Both_Arms,Open Drawer 1,7,LOCATION_TAG1_Y,0.028583583043151384,2958.0
ML_Both_Arms,Open Drawer 1,8,InertialMeasurementUnit_BACK_magneticX,0.028394873529381148,2958.0
ML_Both_Arms,Open Drawer 1,9,InertialMeasurementUnit_LUA_magneticX,0.023777086161973684,2958.0
ML_Both_Arms,Open Drawer 1,10,LOCATION_TAG4_Y,0.023387818754430065,2958.0
ML_Both_Arms,Open Drawer 2,1,LOCATION_TAG1_X,0.06958771624661787,2720.0
ML_Both_Arms,Open Drawer 2,2,LOCATION_TAG1_Y,0.059904048657238584,2720.0
ML_Both_Arms,Open Drawer 2,3,InertialMeasurementUnit_LLA_magneticX,0.042137650542644504,2720.0
ML_Both_Arms,Open Drawer 2,4,InertialMeasurementUnit_RLA_magneticX,0.03824188829182132,2720.0
ML_Both_Arms,Open Drawer 2,5,InertialMeasurementUnit_RUA_magneticY,0.036466843949353976,2720.0
ML_Both_Arms,Open Drawer 2,6,InertialMeasurementUnit_BACK_magneticZ,0.034591342874771044,2720.0
ML_Both_Arms,Open Drawer 2,7,LOCATION_TAG4_X,0.030698413432333524,2720.0
ML_Both_Arms,Open Drawer 2,8,InertialMeasurementUnit_LUA_magneticY,0.02996707910785896,2720.0
ML_Both_Arms,Open Drawer 2,9,LOCATION_TAG4_Y,0.028003313535207356,2720.0
ML_Both_Arms,Open Drawer 2,10,InertialMeasurementUnit_BACK_accX,0.02228846728523425,2720.0
ML_Both_Arms,Open Drawer 3,1,InertialMeasurementUnit_BACK_accX,0.07810415043753194,3870.0
ML_Both_Arms,Open Drawer 3,2,Accelerometer_HIP_accY,0.05190025092611659,3870.0
ML_Both_Arms,Open Drawer 3,3,Accelerometer_BACK_accY,0.049524422240370285,3870.0
ML_Both_Arms,Open Drawer 3,4,InertialMeasurementUnit_LUA_magneticY,0.038266883594133036,3870.0
ML_Both_Arms,Open Drawer 3,5,InertialMeasurementUnit_BACK_magneticZ,0.03511865552155424,3870.0
ML_Both_Arms,Open Drawer 3,6,InertialMeasurementUnit_RUA_magneticY,0.034154186302854446,3870.0
ML_Both_Arms,Open Drawer 3,7,InertialMeasurementUnit_BACK_accZ,0.03397484175109265,3870.0
ML_Both_Arms,Open Drawer 3,8,InertialMeasurementUnit_RLA_magneticX,0.03386765437266889,3870.0
ML_Both_Arms,Open Drawer 3,9,InertialMeasurementUnit_BACK_magneticX,0.0338244437994177,3870.0
ML_Both_Arms,Open Drawer 3,10,InertialMeasurementUnit_RUA_accY,0.03356848437782603,3870.0
ML_Both_Arms,Open Fridge,1,LOCATION_TAG1_X,0.05758672850681691,11523.0
ML_Both_Arms,Open Fridge,2,InertialMeasurementUnit_LUA_magneticZ,0.05752523484756516,11523.0
ML_Both_Arms,Open Fridge,3,Accelerometer_FRIDGE_accY,0.043228871050234076,11523.0
ML_Both_Arms,Open Fridge,4,InertialMeasurementUnit_BACK_magneticZ,0.03909370782456443,11523.0
ML_Both_Arms,Open Fridge,5,InertialMeasurementUnit_RUA_magneticY,0.035045790648789266,11523.0
ML_Both_Arms,Open Fridge,6,Accelerometer_FRIDGE_accX,0.034042575912809174,11523.0
ML_Both_Arms,Open Fridge,7,InertialMeasurementUnit_RLA_magneticX,0.02805473637493622,11523.0
ML_Both_Arms,Open Fridge,8,InertialMeasurementUnit_BACK_magneticX,0.026378495807507486,11523.0
ML_Both_Arms,Open Fridge,9,LOCATION_TAG4_X,0.02622764542179296,11523.0
ML_Both_Arms,Open Fridge,10,InertialMeasurementUnit_LLA_magneticZ,0.023627687787924415,11523.0
ML_Both_Arms,Toggle Switch,1,InertialMeasurementUnit_RUA_magneticZ,0.05670506540554672,4525.0
ML_Both_Arms,Toggle Switch,2,InertialMeasurementUnit_RUA_magneticX,0.05421148923410729,4525.0
ML_Both_Arms,Toggle Switch,3,InertialMeasurementUnit_RLA_magneticX,0.04978895716225411,4525.0
ML_Both_Arms,Toggle Switch,4,InertialMeasurementUnit_BACK_magneticX,0.04738806199123534,4525.0
ML_Both_Arms,Toggle Switch,5,LOCATION_TAG1_X,0.03902451713827365,4525.0
ML_Both_Arms,Toggle Switch,6,InertialMeasurementUnit_BACK_accZ,0.03864683383363567,4525.0
ML_Both_Arms,Toggle Switch,7,InertialMeasurementUnit_LUA_magneticX,0.03326793880679089,4525.0
ML_Both_Arms,Toggle Switch,8,InertialMeasurementUnit_RUA_Quaternion2,0.02762371449533468,4525.0
ML_Both_Arms,Toggle Switch,9,LOCATION_TAG4_X,0.02759004004694426,4525.0
ML_Both_Arms,Toggle Switch,10,InertialMeasurementUnit_LUA_magneticZ,0.027029422016293075,4525.0
